issuer_name,symbol,issuer_type,periods_seen,fact_rows,extracted_plus_derived,source_extracted,validation_passed,validation_failed,source_page_present,source_page_missing,balance_identity_checks,balance_identity_failures,precheck_verdict,flags
ABANS ELECTRICALS PLC,ABAN.N0000,GENERAL,3,45,24,18,18,0,18,0,3,0,AI_QA_PRECHECK_PASS,
ABANS FINANCE PLC,AFSL.N0000,FINANCE_COMPANY,3,45,12,12,12,0,12,0,0,0,AI_QA_REVIEW,NON_CURRENT_OR_UNKNOWN_ROLE
ACCESS ENGINEERING PLC,AEL.N0000,GENERAL,3,45,42,30,30,0,30,0,3,0,AI_QA_PRECHECK_PASS,
ACL CABLES PLC,ACL.N0000,GENERAL,3,45,42,30,30,0,30,0,3,0,AI_QA_PRECHECK_PASS,
ACL PLASTICS PLC,APLA.N0000,GENERAL,3,45,28,22,22,0,22,0,3,0,AI_QA_PRECHECK_PASS,
ACME PRINTING & PACKAGING PLC,ACME.N0000,GENERAL,3,45,28,22,22,0,22,0,1,0,AI_QA_PRECHECK_PASS,
AGALAWATTE  PLANTATIONS  PLC,AGAL.N0000,GENERAL,3,45,38,26,26,0,26,0,3,0,AI_QA_PRECHECK_PASS,
AGARAPATANA PLANTATIONS PLC,AGPL.N0000,GENERAL,3,45,32,23,23,0,23,0,0,0,AI_QA_PRECHECK_PASS,
AGSTAR PLC,AGST.N0000;AGST.X0000,GENERAL,3,45,42,30,30,0,30,0,3,0,AI_QA_PRECHECK_PASS,
AITKEN SPENCE HOTEL HOLDINGS PLC,AHUN.N0000,GENERAL,3,45,42,30,30,0,30,0,3,0,AI_QA_PRECHECK_PASS,
AITKEN SPENCE PLC,SPEN.N0000,GENERAL,3,45,39,30,30,0,30,0,0,0,AI_QA_PRECHECK_PASS,
ALLIANCE FINANCE COMPANY PLC,ALLI.N0000,FINANCE_COMPANY,3,45,17,14,14,0,14,0,0,0,AI_QA_PRECHECK_PASS,
ALPHA FIRE SERVICES PLC,AFS.N0000,GENERAL,3,45,42,30,30,0,30,0,3,0,AI_QA_REVIEW,NON_CURRENT_OR_UNKNOWN_ROLE
ALUMEX PLC,ALUM.N0000,GENERAL,3,45,45,33,33,0,33,0,3,0,AI_QA_PRECHECK_PASS,
AMANA BANK PLC,ABL.N0000,BANK,3,45,45,33,33,0,33,0,3,0,AI_QA_PRECHECK_PASS,
AMANA TAKAFUL LIFE PLC,ATLL.N0000,INSURANCE,3,45,35,26,26,0,26,0,3,0,AI_QA_PRECHECK_PASS,
AMANA TAKAFUL PLC,ATL.N0000,INSURANCE,3,45,40,28,28,0,28,0,3,0,AI_QA_REVIEW,NON_CURRENT_OR_UNKNOWN_ROLE
AMBEON CAPITAL PLC,TAP.N0000,GENERAL,3,45,33,26,26,0,26,0,0,0,AI_QA_PRECHECK_PASS,
AMBEON HOLDINGS PLC,GREG.N0000,GENERAL,3,45,39,30,30,0,30,0,0,0,AI_QA_PRECHECK_PASS,
AMW CAPITAL LEASING AND FINANCE PLC,AMCL.N0000,FINANCE_COMPANY,3,45,39,27,27,0,27,0,3,0,AI_QA_PRECHECK_PASS,
ANILANA HOTELS AND PROPERTIES PLC,ALHP.N0000,GENERAL,3,45,12,12,12,0,12,0,0,0,AI_QA_PRECHECK_PASS,
ARPICO INSURANCE PLC,AINS.N0000,INSURANCE,3,45,42,30,30,0,30,0,3,0,AI_QA_PRECHECK_PASS,
ASIA ASSET FINANCE PLC,AAF.N0000,FINANCE_COMPANY,3,45,45,33,33,0,33,0,3,0,AI_QA_PRECHECK_PASS,
ASIA CAPITAL PLC,ACAP.N0000,GENERAL,3,45,35,26,26,0,26,0,3,0,AI_QA_PRECHECK_PASS,
ASIA SIYAKA COMMODITIES LIMITED,ASIY.N0000,GENERAL,3,45,25,19,19,0,19,0,3,0,AI_QA_PRECHECK_PASS,
ASIAN HOTELS AND PROPERTIES PLC,AHPL.N0000,GENERAL,3,45,43,31,31,0,31,0,3,0,AI_QA_PRECHECK_PASS,
ASIRI HOSPITAL HOLDINGS PLC,ASIR.N0000,GENERAL,3,45,33,24,24,0,24,0,0,0,AI_QA_PRECHECK_PASS,
ASIRI SURGICAL HOSPITAL PLC,AMSL.N0000,GENERAL,3,45,33,24,24,0,24,0,0,0,AI_QA_PRECHECK_PASS,
B P P L HOLDINGS PLC,BPPL.N0000,GENERAL,3,45,36,27,27,0,27,0,3,0,AI_QA_PRECHECK_PASS,
BAIRAHA FARMS PLC,BFL.N0000,GENERAL,3,45,30,21,21,0,21,0,0,0,AI_QA_PRECHECK_PASS,
BALANGODA  PLANTATIONS  PLC,BALA.N0000,GENERAL,3,45,26,20,20,0,20,0,3,0,AI_QA_PRECHECK_PASS,
BANSEI ROYAL RESORTS HIKKADUWA PLC,BRR.N0000,GENERAL,3,45,39,27,27,0,27,0,3,0,AI_QA_PRECHECK_PASS,
BERUWALA RESORTS PLC,BERU.N0000,GENERAL,3,45,31,24,24,0,24,0,0,0,AI_QA_PRECHECK_PASS,
BIMPUTH LANKA INVESTMENTS PLC,BLI.N0000,GENERAL,0,0,0,0,0,0,0,0,0,0,AI_QA_REVIEW,NO_FACT_ROWS_OR_QUARANTINED
BLUE DIAMONDS JEWELLERY WORLDWIDE PLC,BLUE.N0000;BLUE.X0000,GENERAL,3,45,23,17,17,0,17,0,0,0,AI_QA_PRECHECK_PASS,
BOGALA GRAPHITE LANKA PLC,BOGA.N0000,GENERAL,3,45,17,15,15,0,15,0,0,0,AI_QA_PRECHECK_PASS,
BOGAWANTALAWA TEA ESTATES PLC,BOPL.N0000,GENERAL,3,45,33,24,24,0,24,0,0,0,AI_QA_PRECHECK_PASS,
BROWN & COMPANY PLC,BRWN.N0000,GENERAL,3,45,9,9,9,0,9,0,0,0,AI_QA_PRECHECK_PASS,
BROWNS BEACH HOTELS PLC,BBH.N0000,GENERAL,2,30,24,18,18,0,18,0,2,0,AI_QA_PRECHECK_PASS,
BROWNS INVESTMENTS PLC,BIL.N0000,GENERAL,3,45,37,30,30,0,30,0,0,0,AI_QA_PRECHECK_PASS,
BUKIT DARAH PLC,BUKI.N0000,GENERAL,3,45,23,17,17,0,17,0,3,0,AI_QA_PRECHECK_PASS,
C I C HOLDINGS PLC,CIC.N0000;CIC.X0000,GENERAL,3,45,38,29,29,0,29,0,3,0,AI_QA_PRECHECK_PASS,
C M HOLDINGS PLC,COLO.N0000,GENERAL,3,45,25,22,22,0,22,0,0,0,AI_QA_PRECHECK_PASS,
C T HOLDINGS PLC,CTHR.N0000,GENERAL,3,45,39,29,29,0,29,0,3,0,AI_QA_PRECHECK_PASS,
C T LAND DEVELOPMENT PLC,CTLD.N0000,GENERAL,3,45,34,26,26,0,26,0,0,0,AI_QA_PRECHECK_PASS,
C. W. MACKIE PLC,CWM.N0000,GENERAL,3,45,43,31,31,0,31,0,3,0,AI_QA_PRECHECK_PASS,
CABLE SOLUTIONS PLC,CSLK.N0000,GENERAL,3,45,17,15,15,0,15,0,2,0,AI_QA_PRECHECK_PASS,
CAPITAL ALLIANCE HOLDINGS PLC,CALH.N0000,GENERAL,3,45,39,27,27,0,27,0,3,0,AI_QA_PRECHECK_PASS,
CAPITAL ALLIANCE PLC,CALT.N0000,GENERAL,3,45,41,30,30,0,30,0,3,0,AI_QA_PRECHECK_PASS,
CARGILLS (CEYLON) PLC,CARG.N0000,GENERAL,3,45,20,18,18,0,18,0,0,0,AI_QA_PRECHECK_PASS,
CARGILLS BANK PLC,CBNK.N0000,BANK,3,45,45,33,33,0,33,0,3,0,AI_QA_PRECHECK_PASS,
CARGO BOAT DEVELOPMENT COMPANY PLC,CABO.N0000,GENERAL,3,45,10,8,8,0,8,0,0,0,AI_QA_REVIEW,NON_CURRENT_OR_UNKNOWN_ROLE
CARSON CUMBERBATCH PLC,CARS.N0000,GENERAL,3,45,24,18,18,0,18,0,3,0,AI_QA_PRECHECK_PASS,
CENTRAL FINANCE COMPANY PLC,CFIN.N0000,FINANCE_COMPANY,3,45,36,24,24,0,24,0,3,0,AI_QA_PRECHECK_PASS,
CENTRAL INDUSTRIES PLC,CIND.N0000,GENERAL,3,45,31,25,25,0,25,0,1,0,AI_QA_PRECHECK_PASS,
CEYLINCO HOLDINGS PLC,CINS.N0000;CINS.X0000,GENERAL,3,45,41,30,30,0,30,0,3,0,AI_QA_PRECHECK_PASS,
CEYLON BEVERAGE HOLDINGS PLC,BREW.N0000,GENERAL,3,45,39,27,27,0,27,0,3,0,AI_QA_PRECHECK_PASS,
CEYLON COLD STORES PLC,CCS.N0000,GENERAL,3,45,30,21,21,0,21,0,0,0,AI_QA_PRECHECK_PASS,
CEYLON GRAIN ELEVATORS PLC,GRAN.N0000,GENERAL,3,45,33,24,24,0,24,0,3,0,AI_QA_PRECHECK_PASS,
CEYLON GUARDIAN INVESTMENT TRUST PLC,GUAR.N0000,GENERAL,3,45,39,27,27,0,27,0,3,0,AI_QA_PRECHECK_PASS,
CEYLON HOSPITALS PLC,CHL.N0000;CHL.X0000,GENERAL,3,45,18,15,15,0,15,0,0,0,AI_QA_PRECHECK_PASS,
CEYLON HOTELS CORPORATION PLC,CHOT.N0000,GENERAL,3,45,11,10,10,0,10,0,0,0,AI_QA_PRECHECK_PASS,
CEYLON INVESTMENT PLC,CINV.N0000,GENERAL,3,45,42,30,30,0,30,0,3,0,AI_QA_PRECHECK_PASS,
CEYLON LAND & EQUITY PLC,KZOO.N0000,GENERAL,3,45,35,29,29,0,29,0,0,0,AI_QA_PRECHECK_PASS,
CEYLON TEA BROKERS PLC,CTBL.N0000,GENERAL,3,45,39,27,27,0,27,0,3,0,AI_QA_PRECHECK_PASS,
CEYLON TOBACCO COMPANY PLC,CTC.N0000,GENERAL,3,45,24,21,21,0,21,0,0,0,AI_QA_PRECHECK_PASS,
CHEMANEX PLC,CHMX.N0000,GENERAL,3,45,43,31,31,0,31,0,3,0,AI_QA_PRECHECK_PASS,
CHEVRON LUBRICANTS  LANKA  PLC,LLUB.N0000,GENERAL,3,45,10,8,8,0,8,0,2,0,AI_QA_PRECHECK_PASS,
CHRISSWORLD PLC,CWL.N0000,GENERAL,3,45,42,30,30,0,30,0,3,0,AI_QA_PRECHECK_PASS,
CITIZENS DEVELOPMENT BUSINESS FINANCE PLC,CDB.N0000;CDB.X0000,FINANCE_COMPANY,3,45,45,33,33,0,33,0,3,0,AI_QA_PRECHECK_PASS,
CITRUS LEISURE PLC,REEF.N0000,GENERAL,3,45,27,21,21,0,21,0,0,0,AI_QA_PRECHECK_PASS,
CITY HOUSING & REAL ESTATE CO. PLC,CHOU.N0000,GENERAL,0,0,0,0,0,0,0,0,0,0,AI_QA_REVIEW,NO_FACT_ROWS_OR_QUARANTINED
COLOMBO CITY HOLDINGS PLC,PHAR.N0000,GENERAL,3,45,36,27,27,0,27,0,0,0,AI_QA_PRECHECK_PASS,
COLOMBO DOCKYARD PLC,DOCK.N0000,GENERAL,3,45,24,18,18,0,18,0,0,0,AI_QA_PRECHECK_PASS,
COLOMBO FORT INVESTMENTS PLC,CFI.N0000,GENERAL,3,45,33,24,24,0,24,0,3,0,AI_QA_PRECHECK_PASS,
COLOMBO INVESTMENT TRUST PLC,CIT.N0000,GENERAL,3,45,33,24,24,0,24,0,3,0,AI_QA_PRECHECK_PASS,
COLOMBO LAND AND DEVELOPMENT COMPANY PLC,CLND.N0000,GENERAL,3,45,31,22,22,0,22,0,3,0,AI_QA_PRECHECK_PASS,
COMMERCIAL BANK OF CEYLON PLC,COMB.N0000;COMB.X0000,BANK,3,45,34,25,25,0,25,0,3,0,AI_QA_PRECHECK_PASS,
COMMERCIAL CREDIT AND FINANCE PLC,COCR.N0000,FINANCE_COMPANY,3,45,27,21,21,0,21,0,3,0,AI_QA_PRECHECK_PASS,
COMMERCIAL DEVELOPMENT COMPANY PLC,COMD.N0000,GENERAL,3,45,36,27,27,0,27,0,0,0,AI_QA_PRECHECK_PASS,
CONVENIENCE FOODS LANKA PLC,SOY.N0000,GENERAL,3,45,11,11,11,0,11,0,0,0,AI_QA_PRECHECK_PASS,
Co-operative Insurance Company PLC,COOP.N0000,INSURANCE,3,45,32,27,27,0,27,0,3,0,AI_QA_PRECHECK_PASS,
DANKOTUWA PORCELAIN PLC,DPL.N0000,GENERAL,3,45,33,24,24,0,24,0,0,0,AI_QA_PRECHECK_PASS,
DFCC BANK PLC,DFCC.N0000,BANK,3,45,35,26,26,0,26,0,3,0,AI_QA_PRECHECK_PASS,
DIALOG AXIATA PLC,DIAL.N0000,GENERAL,3,45,45,33,33,0,33,0,3,0,AI_QA_PRECHECK_PASS,
DIALOG FINANCE PLC,CALF.N0000,FINANCE_COMPANY,3,45,38,26,26,0,26,0,3,0,AI_QA_PRECHECK_PASS,
DIESEL & MOTOR ENGINEERING PLC,DIMO.N0000,GENERAL,3,45,41,29,29,0,29,0,3,0,AI_QA_PRECHECK_PASS,
DIGITAL MOBILITY SOLUTIONS LANKA PLC,PKME.N0000,GENERAL,3,45,39,30,30,0,30,0,0,0,AI_QA_PRECHECK_PASS,
DILMAH CEYLON TEA COMPANY PLC,CTEA.N0000,GENERAL,3,45,21,17,17,0,17,0,1,0,AI_QA_PRECHECK_PASS,
DIPPED PRODUCTS PLC,DIPD.N0000,GENERAL,3,45,33,21,21,0,21,0,3,0,AI_QA_PRECHECK_PASS,
DISTILLERIES COMPANY OF SRI LANKA PLC,DIST.N0000,GENERAL,3,45,36,27,27,0,27,0,0,0,AI_QA_PRECHECK_PASS,
DOLPHIN HOTELS PLC,STAF.N0000,GENERAL,3,45,36,27,27,0,27,0,0,0,AI_QA_REVIEW,NON_CURRENT_OR_UNKNOWN_ROLE
E - CHANNELLING PLC,ECL.N0000,GENERAL,3,45,42,30,30,0,30,0,3,0,AI_QA_PRECHECK_PASS,
E B CREASY & COMPANY PLC,EBCR.N0000,GENERAL,3,45,34,25,25,0,25,0,2,0,AI_QA_PRECHECK_PASS,
E M L CONSULTANTS PLC,EML.N0000,GENERAL,3,45,17,17,17,0,17,0,0,0,AI_QA_REVIEW,NON_CURRENT_OR_UNKNOWN_ROLE
EAST WEST PROPERTIES PLC,EAST.N0000,GENERAL,3,45,36,27,27,0,27,0,0,0,AI_QA_PRECHECK_PASS,
EASTERN MERCHANTS PLC,EMER.N0000,GENERAL,3,45,28,22,22,0,22,0,0,0,AI_QA_PRECHECK_PASS,
EDEN HOTEL LANKA PLC,EDEN.N0000,GENERAL,3,45,34,25,25,0,25,0,0,0,AI_QA_PRECHECK_PASS,
ELPITIYA PLANTATIONS PLC,ELPL.N0000,GENERAL,3,45,33,24,24,0,24,0,0,0,AI_QA_PRECHECK_PASS,
EQUITY TWO PLC,ETWO.N0000,GENERAL,3,45,28,22,22,0,22,0,1,0,AI_QA_PRECHECK_PASS,
EXTERMINATORS PLC,EXT.N0000,GENERAL,3,45,24,18,18,0,18,0,0,0,AI_QA_PRECHECK_PASS,
Ex-pack Corrugated Cartons PLC,PACK.N0000,GENERAL,3,45,29,23,23,0,23,0,0,0,AI_QA_PRECHECK_PASS,
FIRST CAPITAL HOLDINGS PLC,CFVF.N0000,GENERAL,3,45,42,30,30,0,30,0,3,0,AI_QA_PRECHECK_PASS,
First Capital Treasuries PLC,FCT.N0000,GENERAL,3,45,39,27,27,0,27,0,3,0,AI_QA_PRECHECK_PASS,
GALADARI HOTELS (LANKA) PLC,GHLL.N0000,GENERAL,3,45,42,30,30,0,30,0,3,0,AI_QA_PRECHECK_PASS,
GALLE FACE CAPITAL PARTNERS PLC,WAPO.N0000,GENERAL,3,45,38,30,30,0,30,0,0,0,AI_QA_PRECHECK_PASS,
GESTETNER OF CEYLON PLC,GEST.N0000,GENERAL,3,45,0,0,0,0,0,0,0,0,AI_QA_PRECHECK_PASS,
GREENTECH ENERGY PLC,MEL.N0000,GENERAL,3,45,42,30,30,0,30,0,3,0,AI_QA_PRECHECK_PASS,
HAPUGASTENNE PLANTATIONS PLC,HAPU.N0000,GENERAL,3,45,42,30,30,0,30,0,3,0,AI_QA_PRECHECK_PASS,
HARISCHANDRA MILLS PLC,HARI.N0000,GENERAL,3,45,31,25,25,0,25,0,3,0,AI_QA_PRECHECK_PASS,
HATTON NATIONAL BANK PLC,HNB.N0000;HNB.X0000,BANK,3,45,45,33,33,0,33,0,3,0,AI_QA_PRECHECK_PASS,
HATTON PLANTATIONS PLC,HPL.N0000,GENERAL,3,45,42,30,30,0,30,0,3,0,AI_QA_PRECHECK_PASS,
HAYCARB PLC,HAYC.N0000,GENERAL,3,45,45,33,33,0,33,0,3,0,AI_QA_PRECHECK_PASS,
HAYLEYS FABRIC PLC,MGT.N0000,GENERAL,3,45,22,19,19,0,19,0,0,0,AI_QA_PRECHECK_PASS,
HAYLEYS FIBRE PLC,HEXP.N0000,GENERAL,3,45,40,28,28,0,28,0,3,0,AI_QA_PRECHECK_PASS,
HAYLEYS LEISURE PLC,CONN.N0000,GENERAL,3,45,27,18,18,0,18,0,0,0,AI_QA_PRECHECK_PASS,
HAYLEYS PLC,HAYL.N0000,GENERAL,3,45,42,30,30,0,30,0,3,0,AI_QA_PRECHECK_PASS,
HELA APPAREL HOLDINGS PLC,HELA.N0000,GENERAL,1,15,6,6,6,0,6,0,0,0,AI_QA_PRECHECK_PASS,
HEMAS HOLDINGS PLC,HHL.N0000,GENERAL,3,45,30,21,21,0,21,0,0,0,AI_QA_PRECHECK_PASS,
HIKKADUWA BEACH RESORT PLC,CITH.N0000,GENERAL,3,45,32,23,23,0,23,0,0,0,AI_QA_REVIEW,NON_CURRENT_OR_UNKNOWN_ROLE
HNB FINANCE PLC,HNBF.N0000;HNBF.X0000,FINANCE_COMPANY,3,45,42,30,30,0,30,0,3,0,AI_QA_PRECHECK_PASS,
HNB LIFE PLC,HASU.N0000,GENERAL,3,45,26,20,20,0,20,0,3,0,AI_QA_PRECHECK_PASS,
HORANA PLANTATIONS PLC,HOPL.N0000,GENERAL,3,45,28,22,22,0,22,0,3,0,AI_QA_PRECHECK_PASS,
HOTEL SIGIRIYA PLC,HSIG.N0000,GENERAL,3,45,32,23,23,0,23,0,0,0,AI_QA_PRECHECK_PASS,
HOUSING DEVELOPMENT FINANCE CORPORATION BANK OF SL,HDFC.N0000,FINANCE_COMPANY,3,45,23,17,17,0,17,0,3,0,AI_QA_PRECHECK_PASS,
HUNAS HOLDINGS PLC,HUNA.N0000,GENERAL,3,45,33,24,24,0,24,0,0,0,AI_QA_PRECHECK_PASS,
HUNTER & COMPANY PLC,HUNT.N0000,GENERAL,3,45,42,30,30,0,30,0,3,0,AI_QA_PRECHECK_PASS,
HVA FOODS PLC,HVA.N0000,GENERAL,3,45,39,33,33,0,33,0,3,0,AI_QA_PRECHECK_PASS,
INDUSTRIAL ASPHALTS (CEYLON) PLC,ASPH.N0000,GENERAL,3,45,45,33,33,0,33,0,3,0,AI_QA_PRECHECK_PASS,
INSUREME INSURANCE BROKERS PLC,INME.N0000,INSURANCE,3,45,33,24,24,0,24,0,0,0,AI_QA_PRECHECK_PASS,
JANASHAKTHI FINANCE PLC,BFN.N0000,FINANCE_COMPANY,3,45,33,24,24,0,24,0,3,0,AI_QA_PRECHECK_PASS,
JANASHAKTHI INSURANCE PLC,JINS.N0000,INSURANCE,3,45,39,27,27,0,27,0,3,0,AI_QA_REVIEW,NON_CURRENT_OR_UNKNOWN_ROLE
JANASHAKTHI LIMITED,JXG.N0000,GENERAL,1,15,10,9,9,0,9,0,1,0,AI_QA_PRECHECK_PASS,
JAT HOLDINGS PLC,JAT.N0000,GENERAL,3,45,34,25,25,0,25,0,0,0,AI_QA_PRECHECK_PASS,
JETWING SYMPHONY PLC,JETS.N0000,GENERAL,3,45,17,15,15,0,15,0,0,0,AI_QA_REVIEW,NON_CURRENT_OR_UNKNOWN_ROLE
JF PACKAGING PLC,JFP.N0000,GENERAL,3,45,31,22,22,0,22,0,3,0,AI_QA_PRECHECK_PASS,
JOHN KEELLS HOLDINGS PLC,JKH.N0000,GENERAL,3,45,30,21,21,0,21,0,0,0,AI_QA_PRECHECK_PASS,
JOHN KEELLS HOTELS PLC,KHL.N0000,GENERAL,3,45,19,16,16,0,16,0,0,0,AI_QA_PRECHECK_PASS,
JOHN KEELLS PLC,JKL.N0000,GENERAL,3,45,30,21,21,0,21,0,0,0,AI_QA_PRECHECK_PASS,
KAHAWATTE  PLANTATIONS  PLC,KAHA.N0000,GENERAL,3,45,42,30,30,0,30,0,3,0,AI_QA_PRECHECK_PASS,
KAPRUKA HOLDINGS PLC,KPHL.N0000,GENERAL,3,45,39,30,30,0,30,0,0,0,AI_QA_PRECHECK_PASS,
KEELLS FOOD PRODUCTS PLC,KFP.N0000,GENERAL,3,45,30,21,21,0,21,0,0,0,AI_QA_PRECHECK_PASS,
KEGALLE  PLANTATIONS  PLC,KGAL.N0000,GENERAL,3,45,30,24,24,0,24,0,0,0,AI_QA_PRECHECK_PASS,
KELANI CABLES PLC,KCAB.N0000,GENERAL,3,45,24,21,21,0,21,0,0,0,AI_QA_PRECHECK_PASS,
KELANI TYRES PLC,TYRE.N0000,GENERAL,3,45,21,18,18,0,18,0,3,0,AI_QA_PRECHECK_PASS,
KELANI VALLEY PLANTATIONS PLC,KVAL.N0000,GENERAL,3,45,45,33,33,0,33,0,3,0,AI_QA_PRECHECK_PASS,
KELSEY DEVELOPMENTS PLC,KDL.N0000,GENERAL,3,45,11,9,9,0,9,0,0,0,AI_QA_PRECHECK_PASS,
KERNER HAUS GLOBAL SOLUTIONS PLC,CPRT.N0000,GENERAL,3,45,13,13,13,0,13,0,3,0,AI_QA_PRECHECK_PASS,
KOTAGALA PLANTATIONS PLC,KOTA.N0000,GENERAL,3,45,31,22,22,0,22,0,3,0,AI_QA_PRECHECK_PASS,
KOTMALE HOLDINGS PLC,LAMB.N0000,GENERAL,3,45,39,30,30,0,30,0,3,0,AI_QA_PRECHECK_PASS,
L O L C HOLDINGS PLC,LOLC.N0000,GENERAL,3,45,42,30,30,0,30,0,3,0,AI_QA_PRECHECK_PASS,
L V L ENERGY FUND PLC,LVEF.N0000,GENERAL,3,45,40,30,30,0,30,0,3,0,AI_QA_PRECHECK_PASS,
LAKE HOUSE PRINTERS & PUBLISHERS PLC,LPRT.N0000,GENERAL,3,45,30,22,22,0,22,0,2,0,AI_QA_PRECHECK_PASS,
LANKA ALUMINIUM INDUSTRIES PLC,LALU.N0000,GENERAL,3,45,17,14,14,0,14,0,0,0,AI_QA_PRECHECK_PASS,
LANKA ASHOK LEYLAND PLC,ASHO.N0000,GENERAL,3,45,30,24,24,0,24,0,3,0,AI_QA_PRECHECK_PASS,
LANKA CERAMIC PLC,CERA.N0000,GENERAL,3,45,33,24,24,0,24,0,0,0,AI_QA_PRECHECK_PASS,
LANKA CREDIT AND BUSINESS FINANCE PLC,LCBF.N0000,FINANCE_COMPANY,3,45,45,33,33,0,33,0,3,0,AI_QA_REVIEW,NON_CURRENT_OR_UNKNOWN_ROLE
LANKA IOC PLC,LIOC.N0000,GENERAL,3,45,25,19,19,0,19,0,0,0,AI_QA_PRECHECK_PASS,
LANKA MILK FOODS (CWE) PLC,LMF.N0000,GENERAL,3,45,42,30,30,0,30,0,3,0,AI_QA_PRECHECK_PASS,
LANKA REALTY INVESTMENTS PLC,ASCO.N0000,GENERAL,3,45,41,29,29,0,29,0,3,0,AI_QA_PRECHECK_PASS,
LANKA TILES PLC,TILE.N0000,GENERAL,3,45,24,20,20,0,20,0,1,0,AI_QA_PRECHECK_PASS,
LANKA VENTURES PLC,LVEN.N0000,GENERAL,3,45,42,30,30,0,30,0,3,0,AI_QA_PRECHECK_PASS,
LANKA WALLTILE PLC,LWL.N0000,GENERAL,3,45,17,14,14,0,14,0,0,0,AI_QA_PRECHECK_PASS,
LANKEM CEYLON PLC,LCEY.N0000,GENERAL,3,45,28,19,19,0,19,0,3,0,AI_QA_PRECHECK_PASS,
LANKEM DEVELOPMENTS PLC,LDEV.N0000,GENERAL,3,45,29,21,21,0,21,0,3,0,AI_QA_PRECHECK_PASS,
LAUGFS GAS PLC,LGL.N0000;LGL.X0000,GENERAL,3,45,39,30,30,0,30,0,0,0,AI_QA_PRECHECK_PASS,
LAUGFS POWER PLC,LPL.N0000;LPL.X0000,GENERAL,3,45,39,30,30,0,30,0,0,0,AI_QA_PRECHECK_PASS,
LAXAPANA PLC,LITE.N0000,GENERAL,3,45,41,29,29,0,29,0,3,0,AI_QA_PRECHECK_PASS,
LB FINANCE PLC,LFIN.N0000,FINANCE_COMPANY,3,45,42,30,30,0,30,0,3,0,AI_QA_PRECHECK_PASS,
LEE HEDGES PLC,SHAW.N0000,GENERAL,3,45,36,27,27,0,27,0,0,0,AI_QA_PRECHECK_PASS,
LION BREWERY (CEYLON) PLC,LION.N0000,GENERAL,3,45,42,30,30,0,30,0,3,0,AI_QA_PRECHECK_PASS,
LOLC FINANCE PLC,LOFC.N0000,FINANCE_COMPANY,3,45,32,23,23,0,23,0,3,0,AI_QA_PRECHECK_PASS,
LOLC GENERAL INSURANCE PLC,LGIL.N0000,INSURANCE,3,45,20,15,15,0,15,0,2,0,AI_QA_PRECHECK_PASS,
LOTUS HYDRO POWER PLC,HPFL.N0000,GENERAL,3,45,42,30,30,0,30,0,3,0,AI_QA_PRECHECK_PASS,
LUMINEX PLC,LUMX.N0000,GENERAL,3,45,36,27,27,0,27,0,0,0,AI_QA_PRECHECK_PASS,
MADULSIMA  PLANTATIONS  PLC,MADU.N0000,GENERAL,3,45,33,24,24,0,24,0,3,0,AI_QA_PRECHECK_PASS,
MAHARAJA FOODS PLC,MFPE.N0000,GENERAL,3,45,34,27,27,0,27,0,0,0,AI_QA_REVIEW,NON_CURRENT_OR_UNKNOWN_ROLE
MAHAWELI COCONUT PLANTATIONS PLC,MCPL.N0000,GENERAL,3,45,27,24,24,0,24,0,0,0,AI_QA_PRECHECK_PASS,
MAHAWELI REACH HOTELS PLC,MRH.N0000,GENERAL,3,45,36,24,24,0,24,0,3,0,AI_QA_PRECHECK_PASS,
MALWATTE VALLEY PLANTATION PLC,MAL.N0000;MAL.X0000,GENERAL,3,45,30,21,21,0,21,0,3,0,AI_QA_PRECHECK_PASS,
MARAWILA  RESORTS  PLC,MARA.N0000,GENERAL,3,45,36,27,27,0,27,0,0,0,AI_QA_PRECHECK_PASS,
MASKELIYA PLANTATIONS PLC,MASK.N0000,GENERAL,3,45,33,24,24,0,24,0,0,0,AI_QA_PRECHECK_PASS,
MELSTACORP PLC,MELS.N0000,GENERAL,3,45,42,30,30,0,30,0,3,0,AI_QA_PRECHECK_PASS,
MERCANTILE INVESTMENTS AND FINANCE PLC,MERC.N0000,FINANCE_COMPANY,3,45,45,33,33,0,33,0,3,0,AI_QA_PRECHECK_PASS,
MERCANTILE SHIPPING COMPANY PLC,MSL.N0000,GENERAL,3,45,25,22,22,0,22,0,0,0,AI_QA_PRECHECK_PASS,
MERCHANT BANK OF SRI LANKA & FINANCE PLC,MBSL.N0000,FINANCE_COMPANY,3,45,45,33,33,0,33,0,3,0,AI_QA_PRECHECK_PASS,
MILLENNIUM HOUSING DEVELOPERS PLC,MHDL.N0000,GENERAL,3,45,42,30,30,0,30,0,3,0,AI_QA_PRECHECK_PASS,
MULLER & PHIPPS (CEYLON) PLC,MULL.N0000,GENERAL,3,45,34,27,27,0,27,0,0,0,AI_QA_PRECHECK_PASS,
MYLAND DEVELOPMENTS PLC,MDL.N0000,GENERAL,3,45,42,30,30,0,30,0,3,0,AI_QA_PRECHECK_PASS,
NAMUNUKULA PLANTATIONS PLC,NAMU.N0000,GENERAL,3,45,39,27,27,0,27,0,3,0,AI_QA_PRECHECK_PASS,
NATION LANKA FINANCE PLC,CSF.N0000,FINANCE_COMPANY,3,45,13,12,12,0,12,0,0,0,AI_QA_PRECHECK_PASS,
NATIONAL DEVELOPMENT BANK PLC,NDB.N0000,BANK,3,45,41,29,29,0,29,0,3,0,AI_QA_PRECHECK_PASS,
NATIONS TRUST BANK PLC,NTB.N0000;NTB.X0000,BANK,3,45,38,26,26,0,26,0,3,0,AI_QA_PRECHECK_PASS,
NAWALOKA HOSPITALS PLC,NHL.N0000,GENERAL,3,45,32,23,23,0,23,0,3,0,AI_QA_PRECHECK_PASS,
ODEL PLC,ODEL.N0000,GENERAL,3,45,22,18,18,0,18,0,0,0,AI_QA_PRECHECK_PASS,
OFFICE EQUIPMENT PLC,OFEQ.N0000,GENERAL,3,45,27,21,21,0,21,0,0,0,AI_QA_PRECHECK_PASS,
ON'ALLY HOLDINGS PLC,ONAL.N0000,GENERAL,3,45,29,24,24,0,24,0,0,0,AI_QA_PRECHECK_PASS,
OVERSEAS REALTY (CEYLON) PLC,OSEA.N0000,GENERAL,3,45,40,28,28,0,28,0,3,0,AI_QA_PRECHECK_PASS,
PALM GARDEN HOTELS PLC,PALM.N0000,GENERAL,3,45,18,16,16,0,16,0,0,0,AI_QA_PRECHECK_PASS,
PAN ASIA BANKING CORPORATION PLC,PABC.N0000,BANK,3,45,42,30,30,0,30,0,3,0,AI_QA_PRECHECK_PASS,
PANASIAN POWER PLC,PAP.N0000,GENERAL,3,45,14,10,10,0,10,0,1,0,AI_QA_PRECHECK_PASS,
PARAGON CEYLON PLC,PARA.N0000,GENERAL,3,45,28,21,21,0,21,0,0,0,AI_QA_PRECHECK_PASS,
PEGASUS HOTELS OF CEYLON PLC,PEG.N0000,GENERAL,3,45,21,18,18,0,18,0,0,0,AI_QA_PRECHECK_PASS,
PEOPLE'S INSURANCE PLC,PINS.N0000,INSURANCE,3,45,39,27,27,0,27,0,3,0,AI_QA_PRECHECK_PASS,
PEOPLE'S LEASING & FINANCE PLC,PLC.N0000,FINANCE_COMPANY,3,45,31,25,25,0,25,0,3,0,AI_QA_PRECHECK_PASS,
PGP GLASS CEYLON PLC,GLAS.N0000,GENERAL,3,45,23,20,20,0,20,0,0,0,AI_QA_PRECHECK_PASS,
PMF FINANCE PLC,PMB.N0000,FINANCE_COMPANY,3,45,35,26,26,0,26,0,3,0,AI_QA_PRECHECK_PASS,
PRIME LANDS RESIDENCIES PLC,PLR.N0000,GENERAL,3,45,14,12,12,0,12,0,0,0,AI_QA_PRECHECK_PASS,
PRINTCARE PLC,CARE.N0000,GENERAL,3,45,32,26,26,0,26,0,0,0,AI_QA_PRECHECK_PASS,
R I L PROPERTY PLC,RIL.N0000,GENERAL,3,45,24,18,18,0,18,0,0,0,AI_QA_PRECHECK_PASS,
RADIANT GEMS INTERNATIONAL PLC,RGEM.N0000,GENERAL,3,45,9,9,9,0,9,0,0,0,AI_QA_REVIEW,NON_CURRENT_OR_UNKNOWN_ROLE
RAIGAM WAYAMBA SALTERNS PLC,RWSL.N0000,GENERAL,3,45,29,23,23,0,23,0,0,0,AI_QA_PRECHECK_PASS,
RAMBODA FALLS PLC,RFL.N0000,GENERAL,3,45,29,20,20,0,20,0,2,0,AI_QA_REVIEW,NON_CURRENT_OR_UNKNOWN_ROLE
RENUKA AGRI FOODS PLC,RAL.N0000,GENERAL,3,45,42,30,30,0,30,0,3,0,AI_QA_PRECHECK_PASS,
RENUKA CITY HOTELS PLC.,RENU.N0000,GENERAL,2,30,6,6,6,0,6,0,0,0,AI_QA_PRECHECK_PASS,
RENUKA FOODS PLC,COCO.N0000;COCO.X0000,GENERAL,3,45,41,32,32,0,32,0,3,0,AI_QA_PRECHECK_PASS,
RENUKA HOLDINGS PLC,RHL.N0000;RHL.X0000,GENERAL,3,45,41,30,30,0,30,0,3,0,AI_QA_PRECHECK_PASS,
RENUKA HOTELS PLC,RCH.N0000,GENERAL,3,45,42,30,30,0,30,0,3,0,AI_QA_PRECHECK_PASS,
RESUS ENERGY PLC,HPWR.N0000,GENERAL,3,45,36,27,27,0,27,0,0,0,AI_QA_PRECHECK_PASS,
RICHARD PIERIS AND COMPANY PLC,RICH.N0000,GENERAL,3,45,45,33,33,0,33,0,3,0,AI_QA_PRECHECK_PASS,
RICHARD PIERIS EXPORTS PLC,REXP.N0000,GENERAL,3,45,40,30,30,0,30,0,3,0,AI_QA_REVIEW,NON_CURRENT_OR_UNKNOWN_ROLE
ROYAL CERAMICS LANKA PLC,RCL.N0000,GENERAL,3,45,17,15,15,0,15,0,0,0,AI_QA_PRECHECK_PASS,
ROYAL PALMS BEACH HOTELS PLC,RPBH.N0000,GENERAL,3,45,29,23,23,0,23,0,0,0,AI_QA_PRECHECK_PASS,
SAMPATH BANK PLC,SAMP.N0000,BANK,3,45,45,33,33,0,33,0,3,0,AI_QA_PRECHECK_PASS,
SAMSON INTERNATIONAL PLC,SIL.N0000,GENERAL,3,45,42,30,30,0,30,0,3,0,AI_QA_PRECHECK_PASS,
SANASA DEVELOPMENT BANK PLC,SDB.N0000,BANK,3,45,30,22,22,0,22,0,2,0,AI_QA_PRECHECK_PASS,
SARVODAYA DEVELOPMENT FINANCE PLC,SDF.N0000,FINANCE_COMPANY,1,15,12,8,8,0,8,0,1,0,AI_QA_PRECHECK_PASS,
SATHOSA MOTORS PLC,SMOT.N0000,GENERAL,3,45,17,15,15,0,15,0,0,0,AI_QA_REVIEW,NON_CURRENT_OR_UNKNOWN_ROLE
SENKADAGALA FINANCE COMPANY PLC,SFCL.N0000,FINANCE_COMPANY,3,45,37,25,25,0,25,0,3,0,AI_QA_PRECHECK_PASS,
SERENDIB HOTELS PLC,SHOT.N0000;SHOT.X0000,GENERAL,3,45,36,27,27,0,27,0,0,0,AI_QA_PRECHECK_PASS,
SERENDIB LAND PLC,SLND.N0000,GENERAL,3,45,27,21,21,0,21,0,0,0,AI_QA_PRECHECK_PASS,
SEYLAN BANK PLC,SEYB.N0000;SEYB.X0000,BANK,3,45,45,33,33,0,33,0,3,0,AI_QA_PRECHECK_PASS,
SEYLAN DEVELOPMENTS PLC,CSD.N0000,GENERAL,3,45,32,24,24,0,24,0,0,0,AI_QA_PRECHECK_PASS,
SIERRA CABLES PLC,SIRA.N0000,GENERAL,3,45,43,31,31,0,31,0,3,0,AI_QA_PRECHECK_PASS,
SIGIRIYA VILLAGE HOTELS PLC,SIGV.N0000,GENERAL,3,45,32,25,25,0,25,0,0,0,AI_QA_PRECHECK_PASS,
SINGER (SRI LANKA) PLC,SINS.N0000,GENERAL,3,45,39,30,30,0,30,0,2,0,AI_QA_PRECHECK_PASS,
SINGER FINANCE LANKA PLC,SFIN.N0000,FINANCE_COMPANY,3,45,42,30,30,0,30,0,3,0,AI_QA_PRECHECK_PASS,
SINGHE HOSPITALS PLC,SINH.N0000,GENERAL,3,45,21,18,18,0,18,0,0,0,AI_QA_PRECHECK_PASS,
SMB FINANCE PLC,SEMB.N0000;SEMB.X0000,FINANCE_COMPANY,3,45,43,31,31,0,31,0,3,0,AI_QA_PRECHECK_PASS,
SOFTLOGIC CAPITAL PLC,SCAP.N0000,GENERAL,3,45,42,30,30,0,30,0,3,0,AI_QA_PRECHECK_PASS,
SOFTLOGIC FINANCE PLC,CRL.N0000,FINANCE_COMPANY,3,45,42,30,30,0,30,0,3,0,AI_QA_PRECHECK_PASS,
SOFTLOGIC HOLDINGS PLC,SHL.N0000,GENERAL,3,45,27,18,18,0,18,0,0,0,AI_QA_PRECHECK_PASS,
SOFTLOGIC LIFE INSURANCE PLC,AAIC.N0000,INSURANCE,3,45,40,30,30,0,30,0,3,0,AI_QA_PRECHECK_PASS,
SRI LANKA TELECOM PLC,SLTL.N0000,GENERAL,3,45,42,30,30,0,30,0,3,0,AI_QA_PRECHECK_PASS,
STANDARD CAPITAL PLC,SING.N0000,GENERAL,3,45,33,24,24,0,24,0,0,0,AI_QA_PRECHECK_PASS,
SUNSHINE HOLDINGS PLC,SUN.N0000,GENERAL,3,45,26,21,21,0,21,0,0,0,AI_QA_PRECHECK_PASS,
SWADESHI INDUSTRIAL WORKS  PLC,SWAD.N0000,GENERAL,3,45,31,23,23,0,23,0,0,0,AI_QA_PRECHECK_PASS,
SWISSTEK (CEYLON) PLC,PARQ.N0000,GENERAL,3,45,28,22,22,0,22,0,3,0,AI_QA_PRECHECK_PASS,
TAL LANKA HOTELS PLC,TAJ.N0000,GENERAL,3,45,25,21,21,0,21,0,0,0,AI_QA_PRECHECK_PASS,
TALAWAKELLE TEA ESTATES PLC,TPL.N0000,GENERAL,3,45,43,31,31,0,31,0,3,0,AI_QA_PRECHECK_PASS,
TANGERINE BEACH HOTELS PLC,TANG.N0000,GENERAL,3,45,33,24,24,0,24,0,0,0,AI_QA_PRECHECK_PASS,
TEA SMALLHOLDER FACTORIES PLC,TSML.N0000,GENERAL,3,45,36,27,27,0,27,0,0,0,AI_QA_PRECHECK_PASS,
TEEJAY LANKA PLC,TJL.N0000,GENERAL,3,45,32,27,27,0,27,0,0,0,AI_QA_PRECHECK_PASS,
TESS AGRO PLC,TESS.N0000;TESS.X0000,GENERAL,3,45,28,25,25,0,25,0,0,0,AI_QA_PRECHECK_PASS,
THE  LIGHTHOUSE  HOTEL  PLC,LHL.N0000,GENERAL,3,45,26,21,21,0,21,0,1,0,AI_QA_REVIEW,NON_CURRENT_OR_UNKNOWN_ROLE
THE AUTODROME PLC,AUTO.N0000,GENERAL,3,45,20,16,16,0,16,0,1,0,AI_QA_PRECHECK_PASS,
THE COLOMBO FORT LAND AND BUILDING PLC,CFLB.N0000,GENERAL,3,45,24,18,18,0,18,0,3,0,AI_QA_PRECHECK_PASS,
THE FORTRESS RESORTS PLC,RHTL.N0000,GENERAL,3,45,20,18,18,0,18,0,0,0,AI_QA_PRECHECK_PASS,
THE KANDY HOTELS COMPANY (1938) PLC,KHC.N0000,GENERAL,3,45,21,17,17,0,17,0,0,0,AI_QA_PRECHECK_PASS,
THE KINGSBURY PLC,SERV.N0000,GENERAL,3,45,42,30,30,0,30,0,3,0,AI_QA_PRECHECK_PASS,
THE LANKA HOSPITALS CORPORATION PLC,LHCL.N0000,GENERAL,3,45,39,27,27,0,27,0,3,0,AI_QA_PRECHECK_PASS,
THE NUWARA ELIYA HOTELS COMPANY PLC,NEH.N0000,GENERAL,3,45,27,21,21,0,21,0,0,0,AI_QA_PRECHECK_PASS,
THREE ACRE FARMS PLC,TAFL.N0000,GENERAL,3,45,28,20,20,0,20,0,2,0,AI_QA_PRECHECK_PASS,
TOKYO CEMENT COMPANY (LANKA) PLC,TKYO.N0000;TKYO.X0000,GENERAL,3,45,22,19,19,0,19,0,0,0,AI_QA_PRECHECK_PASS,
TRANS ASIA HOTELS PLC,TRAN.N0000,GENERAL,3,45,19,16,16,0,16,0,3,0,AI_QA_PRECHECK_PASS,
UB FINANCE PLC,UBF.N0000,FINANCE_COMPANY,3,45,35,26,26,0,26,0,2,0,AI_QA_PRECHECK_PASS,
UDAPUSSELLAWA  PLANTATIONS PLC,UDPL.N0000,GENERAL,3,45,42,30,30,0,30,0,3,0,AI_QA_PRECHECK_PASS,
UNION ASSURANCE PLC,UAL.N0000,INSURANCE,3,45,31,25,25,0,25,0,3,0,AI_QA_REVIEW,NON_CURRENT_OR_UNKNOWN_ROLE
UNION BANK OF COLOMBO PLC,UBC.N0000,BANK,3,45,44,32,32,0,32,0,3,0,AI_QA_PRECHECK_PASS,
UNION CHEMICALS LANKA PLC,UCAR.N0000,GENERAL,0,0,0,0,0,0,0,0,0,0,AI_QA_REVIEW,NO_FACT_ROWS_OR_QUARANTINED
UNITED MOTORS LANKA PLC,UML.N0000,GENERAL,3,45,45,33,33,0,33,0,3,0,AI_QA_PRECHECK_PASS,
VALLIBEL FINANCE PLC,VFIN.N0000,FINANCE_COMPANY,3,45,40,28,28,0,28,0,3,0,AI_QA_PRECHECK_PASS,
VALLIBEL ONE PLC,VONE.N0000,GENERAL,3,45,22,19,19,0,19,0,3,0,AI_QA_PRECHECK_PASS,
VALLIBEL POWER ERATHNA PLC,VPEL.N0000,GENERAL,3,45,19,16,16,0,16,0,0,0,AI_QA_PRECHECK_PASS,
VIDULLANKA PLC,VLL.N0000;VLL.X0000,GENERAL,3,45,34,25,25,0,25,0,0,0,AI_QA_PRECHECK_PASS,
WASKADUWA BEACH RESORT PLC,CITW.N0000,GENERAL,3,45,25,22,22,0,22,0,0,0,AI_QA_REVIEW,NON_CURRENT_OR_UNKNOWN_ROLE
WATAWALA  PLANTATIONS  PLC,WATA.N0000,GENERAL,3,45,39,29,29,0,29,0,2,0,AI_QA_PRECHECK_PASS,
WEALTHTRUST SECURITIES PLC,WLTH.N0000,GENERAL,3,45,29,21,21,0,21,0,2,0,AI_QA_PRECHECK_PASS,
WINDFORCE PLC,WIND.N0000,GENERAL,3,45,36,27,27,0,27,0,0,0,AI_QA_PRECHECK_PASS,
YORK ARCADE HOLDINGS PLC,YORK.N0000,GENERAL,3,45,24,21,21,0,21,0,3,0,AI_QA_PRECHECK_PASS,
hSenid Business Solutions PLC,HBS.N0000,GENERAL,3,45,25,19,19,0,19,0,0,0,AI_QA_PRECHECK_PASS,
