issuer_name,symbol,issuer_type,period_end,rows,pass_rows,fail_rows,manual_review_status,in_committed_golden_fixture
ABANS ELECTRICALS PLC,ABAN.N0000,GENERAL,2026-03-31,9,4,5,COMPLETED,True
ABANS FINANCE PLC,AFSL.N0000,FINANCE_COMPANY,2026-03-31,9,1,8,COMPLETED,False
ACL CABLES PLC,ACL.N0000,GENERAL,2026-03-31,9,8,1,COMPLETED,True
ACL PLASTICS PLC,APLA.N0000,GENERAL,2025-12-31,9,6,3,COMPLETED,True
ACME PRINTING & PACKAGING PLC,ACME.N0000,GENERAL,2026-06-30,9,5,4,COMPLETED,True
AGALAWATTE  PLANTATIONS  PLC,AGAL.N0000,GENERAL,2026-06-30,9,7,2,COMPLETED,False
AGARAPATANA PLANTATIONS PLC,AGPL.N0000,GENERAL,2025-12-31,9,9,0,COMPLETED,False
AITKEN SPENCE PLC,SPEN.N0000,GENERAL,2026-03-31,9,9,0,COMPLETED,True
ALLIANCE FINANCE COMPANY PLC,ALLI.N0000,FINANCE_COMPANY,2026-06-30,9,5,4,COMPLETED,False
AMANA BANK PLC,ABL.N0000,BANK,2026-06-30,9,9,0,COMPLETED,True
AMANA TAKAFUL LIFE PLC,ATLL.N0000,INSURANCE,2026-03-31,9,4,5,COMPLETED,True
AMANA TAKAFUL PLC,ATL.N0000,INSURANCE,2026-06-30,9,7,2,COMPLETED,True
AMBEON CAPITAL PLC,TAP.N0000,GENERAL,2026-06-30,9,9,0,COMPLETED,True
AMBEON HOLDINGS PLC,GREG.N0000,GENERAL,2025-12-31,9,9,0,COMPLETED,True
AMW CAPITAL LEASING AND FINANCE PLC,AMCL.N0000,FINANCE_COMPANY,2025-12-31,9,8,1,COMPLETED,False
ANILANA HOTELS AND PROPERTIES PLC,ALHP.N0000,GENERAL,2026-03-31,9,6,3,COMPLETED,False
ARPICO INSURANCE PLC,AINS.N0000,INSURANCE,2025-12-31,9,8,1,COMPLETED,True
ASIA ASSET FINANCE PLC,AAF.N0000,FINANCE_COMPANY,2025-12-31,9,9,0,COMPLETED,True
ASIA CAPITAL PLC,ACAP.N0000,GENERAL,2026-06-30,9,7,2,COMPLETED,False
ASIA SIYAKA COMMODITIES LIMITED,ASIY.N0000,GENERAL,2025-12-31,9,6,3,COMPLETED,False
ASIRI HOSPITAL HOLDINGS PLC,ASIR.N0000,GENERAL,2026-03-31,9,9,0,COMPLETED,False
ASIRI SURGICAL HOSPITAL PLC,AMSL.N0000,GENERAL,2026-06-30,9,6,3,COMPLETED,False
B P P L HOLDINGS PLC,BPPL.N0000,GENERAL,2025-12-31,9,9,0,COMPLETED,True
BAIRAHA FARMS PLC,BFL.N0000,GENERAL,2026-03-31,9,8,1,COMPLETED,False
BALANGODA  PLANTATIONS  PLC,BALA.N0000,GENERAL,2026-06-30,9,5,4,COMPLETED,False
BANSEI ROYAL RESORTS HIKKADUWA PLC,BRR.N0000,GENERAL,2025-12-31,9,9,0,COMPLETED,False
BERUWALA RESORTS PLC,BERU.N0000,GENERAL,2026-03-31,9,8,1,COMPLETED,True
BLUE DIAMONDS JEWELLERY WORLDWIDE PLC,BLUE.X0000,GENERAL,2026-06-30,9,9,0,COMPLETED,False
BOGALA GRAPHITE LANKA PLC,BOGA.N0000,GENERAL,2025-12-31,9,6,3,COMPLETED,True
BOGAWANTALAWA TEA ESTATES PLC,BOPL.N0000,GENERAL,2026-03-31,9,6,3,COMPLETED,False
BROWN & COMPANY PLC,BRWN.N0000,GENERAL,2026-06-30,9,4,5,COMPLETED,False
BROWNS BEACH HOTELS PLC,BBH.N0000,GENERAL,2025-12-31,9,9,0,COMPLETED,False
BROWNS INVESTMENTS PLC,BIL.N0000,GENERAL,2026-03-31,9,9,0,COMPLETED,True
BUKIT DARAH PLC,BUKI.N0000,GENERAL,2026-06-30,9,9,0,COMPLETED,True
C I C HOLDINGS PLC,CIC.N0000,GENERAL,2026-06-30,9,5,4,COMPLETED,True
C M HOLDINGS PLC,COLO.N0000,GENERAL,2025-12-31,9,5,4,COMPLETED,True
C T HOLDINGS PLC,CTHR.N0000,GENERAL,2026-06-30,9,7,2,COMPLETED,False
C T LAND DEVELOPMENT PLC,CTLD.N0000,GENERAL,2026-03-31,9,7,2,COMPLETED,False
CABLE SOLUTIONS PLC,CSLK.N0000,GENERAL,2025-12-31,9,6,3,COMPLETED,True
CAPITAL ALLIANCE HOLDINGS PLC,CALH.N0000,GENERAL,2026-03-31,9,9,0,COMPLETED,False
CAPITAL ALLIANCE PLC,CALT.N0000,GENERAL,2025-12-31,9,7,2,COMPLETED,True
CARGILLS (CEYLON) PLC,CARG.N0000,GENERAL,2026-03-31,9,5,4,COMPLETED,False
CARGILLS BANK PLC,CBNK.N0000,BANK,2026-03-31,9,7,2,COMPLETED,True
CARGO BOAT DEVELOPMENT COMPANY PLC,CABO.N0000,GENERAL,2026-06-30,9,2,7,COMPLETED,False
CARSON CUMBERBATCH PLC,CARS.N0000,GENERAL,2025-12-31,9,4,5,COMPLETED,True
CENTRAL FINANCE COMPANY PLC,CFIN.N0000,FINANCE_COMPANY,2026-03-31,9,9,0,COMPLETED,False
CENTRAL INDUSTRIES PLC,CIND.N0000,GENERAL,2026-03-31,9,5,4,COMPLETED,True
CEYLON BEVERAGE HOLDINGS PLC,BREW.N0000,GENERAL,2026-06-30,9,9,0,COMPLETED,False
CEYLON COLD STORES PLC,CCS.N0000,GENERAL,2025-12-31,9,9,0,COMPLETED,False
CEYLON GRAIN ELEVATORS PLC,GRAN.N0000,GENERAL,2025-12-31,9,4,5,COMPLETED,True
CEYLON GUARDIAN INVESTMENT TRUST PLC,GUAR.N0000,GENERAL,2026-03-31,9,8,1,COMPLETED,False
CEYLON HOSPITALS PLC,CHL.N0000,GENERAL,2026-06-30,9,4,5,COMPLETED,True
CEYLON HOTELS CORPORATION PLC,CHOT.N0000,GENERAL,2026-03-31,9,5,4,COMPLETED,False
CEYLON LAND & EQUITY PLC,KZOO.N0000,GENERAL,2026-06-30,9,8,1,COMPLETED,True
CEYLON TEA BROKERS PLC,CTBL.N0000,GENERAL,2025-12-31,9,9,0,COMPLETED,False
CEYLON TOBACCO COMPANY PLC,CTC.N0000,GENERAL,2026-03-31,9,6,3,COMPLETED,True
CHEMANEX PLC,CHMX.N0000,GENERAL,2026-06-30,9,9,0,COMPLETED,True
CHEVRON LUBRICANTS  LANKA  PLC,LLUB.N0000,GENERAL,2025-12-31,9,4,5,COMPLETED,False
CITIZENS DEVELOPMENT BUSINESS FINANCE PLC,CDB.N0000,FINANCE_COMPANY,2026-03-31,9,9,0,COMPLETED,True
CITRUS LEISURE PLC,REEF.N0000,GENERAL,2026-03-31,9,5,4,COMPLETED,False
COLOMBO CITY HOLDINGS PLC,PHAR.N0000,GENERAL,2026-06-30,9,8,1,COMPLETED,False
COLOMBO DOCKYARD PLC,DOCK.N0000,GENERAL,2025-12-31,9,6,3,COMPLETED,False
COLOMBO LAND AND DEVELOPMENT COMPANY PLC,CLND.N0000,GENERAL,2026-03-31,9,9,0,COMPLETED,False
COMMERCIAL BANK OF CEYLON PLC,COMB.N0000,BANK,2026-03-31,9,4,5,COMPLETED,True
COMMERCIAL CREDIT AND FINANCE PLC,COCR.N0000,FINANCE_COMPANY,2026-06-30,9,7,2,COMPLETED,False
Co-operative Insurance Company PLC,COOP.N0000,INSURANCE,2026-03-31,9,1,8,COMPLETED,False
DFCC BANK PLC,DFCC.N0000,BANK,2026-06-30,9,4,5,COMPLETED,True
DIALOG FINANCE PLC,CALF.N0000,FINANCE_COMPANY,2025-12-31,9,8,1,COMPLETED,True
HATTON NATIONAL BANK PLC,HNB.N0000,BANK,2026-06-30,9,9,0,COMPLETED,True
HNB FINANCE PLC,HNBF.N0000,FINANCE_COMPANY,2026-06-30,9,9,0,COMPLETED,True
HOUSING DEVELOPMENT FINANCE CORPORATION BANK OF SL,HDFC.N0000,FINANCE_COMPANY,2026-03-31,9,7,2,COMPLETED,True
INSUREME INSURANCE BROKERS PLC,INME.N0000,INSURANCE,2026-06-30,9,8,1,COMPLETED,True
JANASHAKTHI FINANCE PLC,BFN.N0000,FINANCE_COMPANY,2026-06-30,9,4,5,COMPLETED,True
JANASHAKTHI INSURANCE PLC,JINS.N0000,INSURANCE,2025-12-31,9,9,0,COMPLETED,True
LANKA CREDIT AND BUSINESS FINANCE PLC,LCBF.N0000,FINANCE_COMPANY,2025-12-31,9,9,0,COMPLETED,True
LB FINANCE PLC,LFIN.N0000,FINANCE_COMPANY,2026-03-31,9,9,0,COMPLETED,True
LOLC FINANCE PLC,LOFC.N0000,FINANCE_COMPANY,2025-12-31,9,4,5,COMPLETED,False
LOLC GENERAL INSURANCE PLC,LGIL.N0000,INSURANCE,2026-03-31,9,1,8,COMPLETED,True
MERCANTILE INVESTMENTS AND FINANCE PLC,MERC.N0000,FINANCE_COMPANY,2026-06-30,9,9,0,COMPLETED,True
MERCHANT BANK OF SRI LANKA & FINANCE PLC,MBSL.N0000,FINANCE_COMPANY,2025-12-31,9,8,1,COMPLETED,False
NATION LANKA FINANCE PLC,CSF.N0000,FINANCE_COMPANY,2026-03-31,9,4,5,COMPLETED,False
NATIONAL DEVELOPMENT BANK PLC,NDB.N0000,BANK,2025-12-31,9,7,2,COMPLETED,True
NATIONS TRUST BANK PLC,NTB.N0000,BANK,2026-03-31,9,7,2,COMPLETED,True
PAN ASIA BANKING CORPORATION PLC,PABC.N0000,BANK,2025-12-31,9,9,0,COMPLETED,True
PEOPLE'S INSURANCE PLC,PINS.N0000,INSURANCE,2026-06-30,9,8,1,COMPLETED,True
PEOPLE'S LEASING & FINANCE PLC,PLC.N0000,FINANCE_COMPANY,2026-06-30,9,8,1,COMPLETED,True
PMF FINANCE PLC,PMB.N0000,FINANCE_COMPANY,2025-12-31,9,5,4,COMPLETED,False
SAMPATH BANK PLC,SAMP.N0000,BANK,2026-03-31,9,9,0,COMPLETED,True
SANASA DEVELOPMENT BANK PLC,SDB.N0000,BANK,2025-12-31,9,0,9,COMPLETED,True
SARVODAYA DEVELOPMENT FINANCE PLC,SDF.N0000,FINANCE_COMPANY,2026-06-30,9,9,0,COMPLETED,False
SENKADAGALA FINANCE COMPANY PLC,SFCL.N0000,FINANCE_COMPANY,2026-03-31,9,6,3,COMPLETED,True
SEYLAN BANK PLC,SEYB.N0000,BANK,2026-06-30,9,9,0,COMPLETED,True
SINGER FINANCE LANKA PLC,SFIN.N0000,FINANCE_COMPANY,2026-03-31,9,8,1,COMPLETED,True
SMB FINANCE PLC,SEMB.N0000,FINANCE_COMPANY,2026-03-31,9,9,0,COMPLETED,True
SOFTLOGIC FINANCE PLC,CRL.N0000,FINANCE_COMPANY,2026-06-30,9,9,0,COMPLETED,True
SOFTLOGIC LIFE INSURANCE PLC,AAIC.N0000,INSURANCE,2025-12-31,9,5,4,COMPLETED,True
UB FINANCE PLC,UBF.N0000,FINANCE_COMPANY,2025-12-31,9,5,4,COMPLETED,True
UNION ASSURANCE PLC,UAL.N0000,INSURANCE,2026-03-31,9,1,8,COMPLETED,True
UNION BANK OF COLOMBO PLC,UBC.N0000,BANK,2025-12-31,9,9,0,COMPLETED,True
VALLIBEL FINANCE PLC,VFIN.N0000,FINANCE_COMPANY,2026-06-30,9,7,2,COMPLETED,True
