issuer_name,symbol,issuer_type,period_end,metric_code,machine_status,machine_value,human_value,human_source_page,review_note
COMMERCIAL BANK OF CEYLON PLC,COMB.N0000,BANK,2026-03-31,EPS_SELECTED,PERIOD_NOT_RESOLVED,,10.36,5,"Diluted EPS, Bank 2026 current 3-month column."
COMMERCIAL BANK OF CEYLON PLC,COMB.N0000,BANK,2026-03-31,OPERATING_PROFIT,PERIOD_NOT_RESOLVED,,31794608000,5,"Operating profit before taxes on financial services, Bank 2026 current 3-month column."
COMMERCIAL BANK OF CEYLON PLC,COMB.N0000,BANK,2026-03-31,PAT,PERIOD_NOT_RESOLVED,,17172328000,5,"Profit for the period, Bank 2026 current 3-month column."
COMMERCIAL BANK OF CEYLON PLC,COMB.N0000,BANK,2026-03-31,PBT,PERIOD_NOT_RESOLVED,,26640037000,5,"Profit before income tax, Bank 2026 current 3-month column."
COMMERCIAL BANK OF CEYLON PLC,COMB.N0000,BANK,2026-03-31,TOP_LINE,VALUE_CONTEXT_UNRESOLVED,,95786025000,5,"Gross income, Bank 2026 current 3-month column."
DFCC BANK PLC,DFCC.N0000,BANK,2026-06-30,EPS_SELECTED,NOT_LOCATED_AFTER_CONFIGURED_RECOVERY,,4.91,7,"Basic/diluted EPS, Bank current quarter ended 30.06.2026."
DFCC BANK PLC,DFCC.N0000,BANK,2026-06-30,OPERATING_PROFIT,UNIT_NOT_RESOLVED,,4178919000,7,"Operating profit before taxes on financial services, Bank current quarter column."
DFCC BANK PLC,DFCC.N0000,BANK,2026-06-30,PAT,UNIT_NOT_RESOLVED,,2188790000,7,"Profit for the period from continuing operations, Bank current quarter."
DFCC BANK PLC,DFCC.N0000,BANK,2026-06-30,PBT,UNIT_NOT_RESOLVED,,3040871000,7,"Profit before income tax, Bank current quarter."
DFCC BANK PLC,DFCC.N0000,BANK,2026-06-30,TOP_LINE,UNIT_NOT_RESOLVED,,26631373000,7,"Gross Income, Bank current quarter."
NATIONAL DEVELOPMENT BANK PLC,NDB.N0000,BANK,2025-12-31,EPS_SELECTED,AMBIGUOUS_CANDIDATES,,8.29,6,"Diluted earnings per share, Bank quarter ended 31.12.2025."
NATIONAL DEVELOPMENT BANK PLC,NDB.N0000,BANK,2025-12-31,PBT,AMBIGUOUS_CANDIDATES,,5362405000,6,"Profit before taxation, Bank current quarter column."
ABANS FINANCE PLC,AFSL.N0000,FINANCE_COMPANY,2026-03-31,EPS_SELECTED,EXTRACTED,1.59,4.54,2,"Earnings Per Share, 03 Months ended 31 March 2026 current column."
ABANS FINANCE PLC,AFSL.N0000,FINANCE_COMPANY,2026-03-31,NAVPS,EXTRACTED,47.53,56.39,3,"Net Assets Value Per Share, March 2026 current column."
ABANS FINANCE PLC,AFSL.N0000,FINANCE_COMPANY,2026-03-31,PAT,EXTRACTED,117273637,334904695,2,"Profit for the Period, 03 Months ended 31 March 2026 current column."
ABANS FINANCE PLC,AFSL.N0000,FINANCE_COMPANY,2026-03-31,PBT,VALUE_CONTEXT_UNRESOLVED,,420355675,2,"Profit before Taxation from Operations, 03 Months 2026 current column."
ABANS FINANCE PLC,AFSL.N0000,FINANCE_COMPANY,2026-03-31,TOP_LINE,VALUE_CONTEXT_UNRESOLVED,,1372866665,2,"Income, 03 Months ended 31 March 2026 current column."
ABANS FINANCE PLC,AFSL.N0000,FINANCE_COMPANY,2026-03-31,TOTAL_ASSETS,VALUE_CONTEXT_UNRESOLVED,,20807211890,3,"Total Assets, March 2026 current column."
ABANS FINANCE PLC,AFSL.N0000,FINANCE_COMPANY,2026-03-31,TOTAL_EQUITY,VALUE_CONTEXT_UNRESOLVED,,4155310420,3,"Total Shareholders Funds, March 2026 current column."
ABANS FINANCE PLC,AFSL.N0000,FINANCE_COMPANY,2026-03-31,TOTAL_LIABILITIES,VALIDATION_FAILED,,16651901470,3,"Total Liabilities, March 2026 current column."
ALLIANCE FINANCE COMPANY PLC,ALLI.N0000,FINANCE_COMPANY,2026-06-30,NAVPS,AMBIGUOUS_CANDIDATES,,336,4,"Net assets value per share, Company at 30.06.2026."
ALLIANCE FINANCE COMPANY PLC,ALLI.N0000,FINANCE_COMPANY,2026-06-30,TOTAL_ASSETS,AMBIGUOUS_CANDIDATES,,96661604608,4,"Total Assets, Company at 30.06.2026."
ALLIANCE FINANCE COMPANY PLC,ALLI.N0000,FINANCE_COMPANY,2026-06-30,TOTAL_EQUITY,AMBIGUOUS_CANDIDATES,,11336429432,4,"Total Equity, Company at 30.06.2026."
ALLIANCE FINANCE COMPANY PLC,ALLI.N0000,FINANCE_COMPANY,2026-06-30,TOTAL_LIABILITIES,AMBIGUOUS_CANDIDATES,,85325175176,4,"Total Liabilities, Company at 30.06.2026."
AMW CAPITAL LEASING AND FINANCE PLC,AMCL.N0000,FINANCE_COMPANY,2025-12-31,NAVPS,NOT_LOCATED_AFTER_CONFIGURED_RECOVERY,,195.59,7,"Net Assets per Share, current 31.12.2025."
ABANS ELECTRICALS PLC,ABAN.N0000,GENERAL,2026-03-31,EPS_SELECTED,NOT_LOCATED_AFTER_CONFIGURED_RECOVERY,,21.08,2,"Basic/Diluted EPS, current 31.03.2026 quarter column."
ABANS ELECTRICALS PLC,ABAN.N0000,GENERAL,2026-03-31,OPERATING_PROFIT,PERIOD_NOT_RESOLVED,,136459609,2,"Operating Profit/(Loss) for the Period, current quarter."
ABANS ELECTRICALS PLC,ABAN.N0000,GENERAL,2026-03-31,PAT,PERIOD_NOT_RESOLVED,,107711136,2,"Net Profit/(Loss) for the Period, current quarter."
ABANS ELECTRICALS PLC,ABAN.N0000,GENERAL,2026-03-31,PBT,PERIOD_NOT_RESOLVED,,153189165,2,"Profit/(Loss) before Tax, current quarter."
ABANS ELECTRICALS PLC,ABAN.N0000,GENERAL,2026-03-31,TOP_LINE,PERIOD_NOT_RESOLVED,,1968600239,2,"Turnover, current 31.03.2026 quarter column."
ACME PRINTING & PACKAGING PLC,ACME.N0000,GENERAL,2026-06-30,NAVPS,AMBIGUOUS_CANDIDATES,,1.24,4,"Net Assets Per Share, Company at 30.06.2026."
ACME PRINTING & PACKAGING PLC,ACME.N0000,GENERAL,2026-06-30,TOTAL_ASSETS,AMBIGUOUS_CANDIDATES,,1892062000,4,"Total Assets 1,892,062 Rs000, Company at 30.06.2026."
ACME PRINTING & PACKAGING PLC,ACME.N0000,GENERAL,2026-06-30,TOTAL_EQUITY,AMBIGUOUS_CANDIDATES,,826047000,4,"Total Equity 826,047 Rs000, Company at 30.06.2026."
ACME PRINTING & PACKAGING PLC,ACME.N0000,GENERAL,2026-06-30,TOTAL_LIABILITIES,AMBIGUOUS_CANDIDATES,,1066015000,4,"Total Liabilities 1,066,015 Rs000, Company at 30.06.2026."
ACL PLASTICS PLC,APLA.N0000,GENERAL,2025-12-31,EPS_SELECTED,ONLY_GROUP_CANDIDATES_LOCATED,,4.75,3,"Basic/Diluted EPS, Company current quarter ended 31.12.2025."
ACL PLASTICS PLC,APLA.N0000,GENERAL,2025-12-31,NAVPS,AMBIGUOUS_CANDIDATES,,96.00,4,"Net asset value per share, Company at 31.12.2025."
ACL PLASTICS PLC,APLA.N0000,GENERAL,2025-12-31,PAT,AMBIGUOUS_CANDIDATES,,200163000,3,"Net profit for the period 200,163 Rs000, Company current quarter."
AMANA TAKAFUL LIFE PLC,ATLL.N0000,INSURANCE,2026-03-31,EPS_SELECTED,NOT_LOCATED_AFTER_CONFIGURED_RECOVERY,,0.09,3,"Basic/diluted EPS to equity holders, current Q1 2026."
AMANA TAKAFUL LIFE PLC,ATLL.N0000,INSURANCE,2026-03-31,OPERATING_PROFIT,ONLY_CUMULATIVE_CANDIDATES_LOCATED,,9025239,3,"Profit from operations, current interim period ended 31.03.2026."
AMANA TAKAFUL LIFE PLC,ATLL.N0000,INSURANCE,2026-03-31,PAT,ONLY_CUMULATIVE_CANDIDATES_LOCATED,,4614890,3,"Profit for the period, current interim period."
AMANA TAKAFUL LIFE PLC,ATLL.N0000,INSURANCE,2026-03-31,PBT,ONLY_CUMULATIVE_CANDIDATES_LOCATED,,6902458,3,"Profit before taxation, current interim period."
AMANA TAKAFUL LIFE PLC,ATLL.N0000,INSURANCE,2026-03-31,TOP_LINE,ONLY_CUMULATIVE_CANDIDATES_LOCATED,,533150326,3,"Legacy insurance top-line: Gross written contribution (premium), current period."
AMANA TAKAFUL PLC,ATL.N0000,INSURANCE,2026-06-30,EPS_SELECTED,UNIT_NOT_RESOLVED,,0.46,4,"Diluted earnings per share, Company current three months ended 30.06.2026."
AMANA TAKAFUL PLC,ATL.N0000,INSURANCE,2026-06-30,TOP_LINE,EXTRACTED,246420372,1924597263,4,"Legacy insurance top-line: Gross written contribution (premium), Company current three months."
ARPICO INSURANCE PLC,AINS.N0000,INSURANCE,2025-12-31,NAVPS,EXTRACTED,17.1,28.85,13,"Net Assets Per Share, current 31.12.2025."
NATIONS TRUST BANK PLC,NTB.N0000,BANK,2026-03-31,EPS_SELECTED,PERIOD_NOT_RESOLVED,,13.42,4,"Diluted earnings per ordinary share, Bank current three months ended 31.03.2026."
NATIONS TRUST BANK PLC,NTB.N0000,BANK,2026-03-31,OPERATING_PROFIT,PERIOD_NOT_RESOLVED,,8585450000,4,"Operating profit before VAT & SSCL on financial services, Bank current three months."
SANASA DEVELOPMENT BANK PLC,SDB.N0000,BANK,2025-12-31,EPS_SELECTED,NOT_LOCATED_AFTER_CONFIGURED_RECOVERY,,0.92,2,"Diluted earnings per ordinary share, Bank Q4 current column."
SANASA DEVELOPMENT BANK PLC,SDB.N0000,BANK,2025-12-31,NAVPS,NOT_LOCATED_AFTER_CONFIGURED_RECOVERY,,90.18,3,"Net asset value per share, Bank at 31.12.2025."
SANASA DEVELOPMENT BANK PLC,SDB.N0000,BANK,2025-12-31,OPERATING_PROFIT,NOT_LOCATED_AFTER_CONFIGURED_RECOVERY,,550523000,2,"Operating profit/(loss) before VAT on financial services & SSCL, current quarter."
SANASA DEVELOPMENT BANK PLC,SDB.N0000,BANK,2025-12-31,PAT,NOT_LOCATED_AFTER_CONFIGURED_RECOVERY,,151264000,2,"Profit/(loss) for the period, current quarter."
SANASA DEVELOPMENT BANK PLC,SDB.N0000,BANK,2025-12-31,PBT,NOT_LOCATED_AFTER_CONFIGURED_RECOVERY,,376323000,2,"Profit/(loss) before tax, current quarter."
SANASA DEVELOPMENT BANK PLC,SDB.N0000,BANK,2025-12-31,TOP_LINE,NOT_LOCATED_AFTER_CONFIGURED_RECOVERY,,2294228000,2,"Total operating income, Bank current quarter."
SANASA DEVELOPMENT BANK PLC,SDB.N0000,BANK,2025-12-31,TOTAL_ASSETS,NOT_LOCATED_AFTER_CONFIGURED_RECOVERY,,146958097000,3,Total assets at 31.12.2025.
SANASA DEVELOPMENT BANK PLC,SDB.N0000,BANK,2025-12-31,TOTAL_EQUITY,NOT_LOCATED_AFTER_CONFIGURED_RECOVERY,,14804406000,3,Total equity at 31.12.2025.
SANASA DEVELOPMENT BANK PLC,SDB.N0000,BANK,2025-12-31,TOTAL_LIABILITIES,NOT_LOCATED_AFTER_CONFIGURED_RECOVERY,,132153690000,3,Total liabilities at 31.12.2025.
COMMERCIAL CREDIT AND FINANCE PLC,COCR.N0000,FINANCE_COMPANY,2026-06-30,EPS_SELECTED,EXTRACTED,26.19,6.31,3,"Earning per Share - For the Period, current three months; annualised EPS is not the quarter EPS."
COMMERCIAL CREDIT AND FINANCE PLC,COCR.N0000,FINANCE_COMPANY,2026-06-30,OPERATING_PROFIT,ONLY_GROUP_CANDIDATES_LOCATED,,3541141632,3,"Profit before Social Security Contribution Levy / Value Added Tax on financial services, current quarter."
DIALOG FINANCE PLC,CALF.N0000,FINANCE_COMPANY,2025-12-31,EPS_SELECTED,NOT_LOCATED_AFTER_CONFIGURED_RECOVERY,,0.30,4,"Profit/(Loss) per share, current three months ended 31.12.2025."
ACL CABLES PLC,ACL.N0000,GENERAL,2026-03-31,EPS_SELECTED,AMBIGUOUS_CANDIDATES,,1.39,3,"Earnings per share, Company current quarter ended 31.03.2026."
AGALAWATTE  PLANTATIONS  PLC,AGAL.N0000,GENERAL,2026-06-30,NAVPS,NOT_LOCATED_AFTER_CONFIGURED_RECOVERY,,35.76,3,Net asset/(liability) value per share at 30.06.2026.
AGALAWATTE  PLANTATIONS  PLC,AGAL.N0000,GENERAL,2026-06-30,PBT,PERIOD_NOT_RESOLVED,,137734000,2,"Profit/(Loss) Before Taxation, current quarter."
Co-operative Insurance Company PLC,COOP.N0000,INSURANCE,2026-03-31,EPS_SELECTED,EXTRACTED,10,0.05,4,Standalone Company current Basic EPS 0.05; machine used unrelated 10.
Co-operative Insurance Company PLC,COOP.N0000,INSURANCE,2026-03-31,NAVPS,EXTRACTED,3.92,3.27,3,Standalone Company current NAVPS 3.27; machine used Group 3.92.
Co-operative Insurance Company PLC,COOP.N0000,INSURANCE,2026-03-31,PAT,EXTRACTED,99502630,77620819,4,"Company current Profit for the year/period 77,620,819; machine used Group 99,502,630."
Co-operative Insurance Company PLC,COOP.N0000,INSURANCE,2026-03-31,PBT,EXTRACTED,142131275,110887055,4,"Company current Profit before income tax 110,887,055; machine used Group 142,131,275."
Co-operative Insurance Company PLC,COOP.N0000,INSURANCE,2026-03-31,TOP_LINE,EXTRACTED,1132585965,1349898703,4,"Insurance legacy top line: Company current Gross written premium 1,349,898,703; machine used Group net-earned premium."
Co-operative Insurance Company PLC,COOP.N0000,INSURANCE,2026-03-31,TOTAL_ASSETS,EXTRACTED,6693566,13111322957,3,"Company current Total assets 13,111,322,957; machine used segment value."
Co-operative Insurance Company PLC,COOP.N0000,INSURANCE,2026-03-31,TOTAL_EQUITY,EXTRACTED,677635,5400933209,3,"Company current Total equity 5,400,933,209; machine used segment value."
Co-operative Insurance Company PLC,COOP.N0000,INSURANCE,2026-03-31,TOTAL_LIABILITIES,EXTRACTED,6015931,7710389748,3,"Company current Total liabilities 7,710,389,748; machine used segment value."
INSUREME INSURANCE BROKERS PLC,INME.N0000,INSURANCE,2026-06-30,NAVPS,EXTRACTED,9.4,117.69,7,Company current NAVPS 117.69; machine 9.4 is not the source NAVPS.
CARGILLS BANK PLC,CBNK.N0000,BANK,2026-03-31,PAT,EXTRACTED,162344000,104841000,3,"Bank current Profit for the period 104,841 Rs'000; machine selected comparative 162,344."
CARGILLS BANK PLC,CBNK.N0000,BANK,2026-03-31,TOP_LINE,EXTRACTED,1531316000,1303184000,3,"Bank current Total operating income 1,303,184 Rs'000; machine selected comparative 1,531,316."
HOUSING DEVELOPMENT FINANCE CORPORATION BANK OF SL,HDFC.N0000,FINANCE_COMPANY,2026-03-31,TOP_LINE,EXTRACTED,700000000,766000000,3,Bank current 3M Total Operating Income 766 Rs Mn; machine used Net Interest Income 700 Rs Mn.
HOUSING DEVELOPMENT FINANCE CORPORATION BANK OF SL,HDFC.N0000,FINANCE_COMPANY,2026-03-31,TOTAL_EQUITY,EXTRACTED,7623000000,7911000000,5,"Current Total Equity Capital + AT-1 Capital 7,911 Rs Mn; machine used shareholders equity only 7,623."
JANASHAKTHI FINANCE PLC,BFN.N0000,FINANCE_COMPANY,2026-06-30,EPS_SELECTED,VALIDATION_FAILED,,0.43,2,Company current 3M Basic EPS 0.43; machine validation failed/withheld.
JANASHAKTHI FINANCE PLC,BFN.N0000,FINANCE_COMPANY,2026-06-30,OPERATING_PROFIT,VALIDATION_FAILED,,212696000,2,"Company current operating profit before VAT 212,696 Rs'000; machine validation failed."
JANASHAKTHI FINANCE PLC,BFN.N0000,FINANCE_COMPANY,2026-06-30,PAT,VALIDATION_FAILED,,90413000,2,"Company current Profit for the period 90,413 Rs'000; machine validation failed."
JANASHAKTHI FINANCE PLC,BFN.N0000,FINANCE_COMPANY,2026-06-30,PBT,VALIDATION_FAILED,,138211000,2,"Company current PBT 138,211 Rs'000; machine validation failed."
JANASHAKTHI FINANCE PLC,BFN.N0000,FINANCE_COMPANY,2026-06-30,TOP_LINE,VALIDATION_FAILED,,1832133000,2,"Finance-company top line: current Interest income 1,832,133 Rs'000; machine validation failed."
LOLC FINANCE PLC,LOFC.N0000,FINANCE_COMPANY,2025-12-31,EPS_SELECTED,ENTITY_NOT_RESOLVED,,0.20,4,Company Q4 Basic EPS 0.20; machine entity unresolved.
LOLC FINANCE PLC,LOFC.N0000,FINANCE_COMPANY,2025-12-31,OPERATING_PROFIT,ENTITY_NOT_RESOLVED,,6733362096,4,"Q4 Profit from operating activities 6,733,362,096; machine entity unresolved."
LOLC FINANCE PLC,LOFC.N0000,FINANCE_COMPANY,2025-12-31,PAT,ENTITY_NOT_RESOLVED,,5357122464,4,"Q4 Profit for the period 5,357,122,464; machine entity unresolved."
LOLC FINANCE PLC,LOFC.N0000,FINANCE_COMPANY,2025-12-31,PBT,ENTITY_NOT_RESOLVED,,6733362096,4,"Q4 Profit before tax expense 6,733,362,096; machine entity unresolved."
LOLC FINANCE PLC,LOFC.N0000,FINANCE_COMPANY,2025-12-31,TOP_LINE,ENTITY_NOT_RESOLVED,,21187845524,4,"Finance-company Q4 Gross income 21,187,845,524; machine entity unresolved."
LOLC GENERAL INSURANCE PLC,LGIL.N0000,INSURANCE,2026-03-31,EPS_SELECTED,VALIDATION_FAILED,,0.49,3,Current 3M Basic EPS 0.49; machine validation failed.
LOLC GENERAL INSURANCE PLC,LGIL.N0000,INSURANCE,2026-03-31,NAVPS,EXTRACTED,5.58,6.00,3,Current NAVPS 6.00; machine used prior/audited 5.58.
LOLC GENERAL INSURANCE PLC,LGIL.N0000,INSURANCE,2026-03-31,PAT,VALIDATION_FAILED,,586818000,2,"Current 3M PAT 586,818 Rs'000; machine withheld/validation failed."
LOLC GENERAL INSURANCE PLC,LGIL.N0000,INSURANCE,2026-03-31,PBT,VALIDATION_FAILED,,847693000,2,"Current 3M PBT 847,693 Rs'000; machine withheld/validation failed."
LOLC GENERAL INSURANCE PLC,LGIL.N0000,INSURANCE,2026-03-31,TOP_LINE,VALIDATION_FAILED,,5094593000,2,"SLFRS4 interim: Gross written premium 5,094,593 Rs'000 is governed insurance top line; machine withheld."
LOLC GENERAL INSURANCE PLC,LGIL.N0000,INSURANCE,2026-03-31,TOTAL_ASSETS,NOT_LOCATED_AFTER_CONFIGURED_RECOVERY,,33157687000,1,"Current Total assets 33,157,687 Rs'000; machine missing."
LOLC GENERAL INSURANCE PLC,LGIL.N0000,INSURANCE,2026-03-31,TOTAL_EQUITY,EXTRACTED,6695539000,7194511000,1,"Current Total equity 7,194,511 Rs'000; machine used prior 6,695,539."
LOLC GENERAL INSURANCE PLC,LGIL.N0000,INSURANCE,2026-03-31,TOTAL_LIABILITIES,NOT_LOCATED_AFTER_CONFIGURED_RECOVERY,,25963176000,1,"Current Total liabilities 25,963,176 Rs'000; machine missing."
PEOPLE'S INSURANCE PLC,PINS.N0000,INSURANCE,2026-06-30,TOP_LINE,EXTRACTED,1949119589,2351302263,3,"SLFRS4 Q2 top line is Gross Written Premium 2,351,302,263; machine used generic Revenue 1,949,119,589."
SOFTLOGIC LIFE INSURANCE PLC,AAIC.N0000,INSURANCE,2025-12-31,TOP_LINE,EXTRACTED,9467083000,10093065000,4,"SLFRS4 Company Q4 top line is Gross written premiums 10,093,065 Rs'000; machine used net earned premiums."
SOFTLOGIC LIFE INSURANCE PLC,AAIC.N0000,INSURANCE,2025-12-31,TOTAL_ASSETS,EXTRACTED,45879153000,58786953000,6,"Standalone Company Total assets 58,786,953 Rs'000; machine used life-insurance-fund-only statement."
SOFTLOGIC LIFE INSURANCE PLC,AAIC.N0000,INSURANCE,2025-12-31,TOTAL_EQUITY,EXTRACTED,-40958000,13262663000,6,"Standalone Company Total equity 13,262,663 Rs'000; machine used life-insurance-fund-only equity."
SOFTLOGIC LIFE INSURANCE PLC,AAIC.N0000,INSURANCE,2025-12-31,TOTAL_LIABILITIES,EXTRACTED,45920111000,45524290000,6,"Standalone Company Total liabilities 45,524,290 Rs'000; machine used life-insurance-fund-only liabilities."
NATION LANKA FINANCE PLC,CSF.N0000,FINANCE_COMPANY,2026-03-31,NAVPS,NOT_LOCATED_AFTER_CONFIGURED_RECOVERY,,-0.31,1,"Company current NAVPS -0.31, visible on image-based statement; machine missed it."
NATION LANKA FINANCE PLC,CSF.N0000,FINANCE_COMPANY,2026-03-31,PBT,EXTRACTED,-231491000,NOT_REPORTED,2,No explicit Profit Before Tax row; operating profit after VAT is followed by tax expense and is not relabelled as explicit PBT.
NATION LANKA FINANCE PLC,CSF.N0000,FINANCE_COMPANY,2026-03-31,TOTAL_ASSETS,NOT_LOCATED_AFTER_CONFIGURED_RECOVERY,,4253217000,1,"Company current Total Assets 4,253,217 Rs'000, visually verified."
NATION LANKA FINANCE PLC,CSF.N0000,FINANCE_COMPANY,2026-03-31,TOTAL_EQUITY,NOT_LOCATED_AFTER_CONFIGURED_RECOVERY,,-2135679000,1,"Company current Total Equity -2,135,679 Rs'000, visually verified."
NATION LANKA FINANCE PLC,CSF.N0000,FINANCE_COMPANY,2026-03-31,TOTAL_LIABILITIES,NOT_LOCATED_AFTER_CONFIGURED_RECOVERY,,6388896000,1,"Company current Total Liabilities 6,388,896 Rs'000, visually verified."
PEOPLE'S LEASING & FINANCE PLC,PLC.N0000,FINANCE_COMPANY,2026-06-30,PAT,PERIOD_NOT_RESOLVED,,1219000000,4,"Current Profit for period 1,219 Rs Mn; machine period unresolved."
PMF FINANCE PLC,PMB.N0000,FINANCE_COMPANY,2025-12-31,OPERATING_PROFIT,ONLY_CUMULATIVE_CANDIDATES_LOCATED,,236090000,4,"Current quarter operating profit before tax on financial services 236,090 Rs'000; machine only found cumulative."
PMF FINANCE PLC,PMB.N0000,FINANCE_COMPANY,2025-12-31,PAT,ENTITY_NOT_RESOLVED,,92533000,4,"Current quarter Profit for period 92,533 Rs'000; machine entity unresolved."
PMF FINANCE PLC,PMB.N0000,FINANCE_COMPANY,2025-12-31,PBT,ENTITY_NOT_RESOLVED,,156241000,4,"Current quarter PBT 156,241 Rs'000; machine entity unresolved."
PMF FINANCE PLC,PMB.N0000,FINANCE_COMPANY,2025-12-31,TOP_LINE,ENTITY_NOT_RESOLVED,,1315756000,4,"Finance-company current-quarter Gross Income 1,315,756 Rs'000; machine entity unresolved."
ANILANA HOTELS AND PROPERTIES PLC,ALHP.N0000,GENERAL,2026-03-31,NAVPS,NOT_LOCATED_AFTER_CONFIGURED_RECOVERY,,0.09,3,"Company current NAVPS 0.09, visually verified; machine missed."
ANILANA HOTELS AND PROPERTIES PLC,ALHP.N0000,GENERAL,2026-03-31,TOTAL_ASSETS,NOT_LOCATED_AFTER_CONFIGURED_RECOVERY,,2253622212,3,"Company current Total Assets 2,253,622,212, visually verified."
ANILANA HOTELS AND PROPERTIES PLC,ALHP.N0000,GENERAL,2026-03-31,TOTAL_EQUITY,NOT_LOCATED_AFTER_CONFIGURED_RECOVERY,,109729992,3,"Company current Total Equity 109,729,992, visually verified."
ASIA CAPITAL PLC,ACAP.N0000,GENERAL,2026-06-30,EPS_SELECTED,EXTRACTED,-1.81,11.23,4,Company current 3M Basic EPS 11.23; machine selected 31-Mar-2026 comparative -1.81.
ASIA CAPITAL PLC,ACAP.N0000,GENERAL,2026-06-30,TOP_LINE,EXTRACTED,33816000,NOT_REPORTED,4,"Standalone Company Revenue is dash/nil; machine incorrectly used Group revenue 33,816 Rs'000."
ASIA SIYAKA COMMODITIES LIMITED,ASIY.N0000,GENERAL,2025-12-31,EPS_SELECTED,PERIOD_NOT_RESOLVED,,0.22,3,Company current-quarter Basic EPS 0.22; machine period unresolved.
ASIA SIYAKA COMMODITIES LIMITED,ASIY.N0000,GENERAL,2025-12-31,PAT,PERIOD_NOT_RESOLVED,,56814942,3,"Company current-quarter Profit for the Year 56,814,942; machine period unresolved."
ASIA SIYAKA COMMODITIES LIMITED,ASIY.N0000,GENERAL,2025-12-31,PBT,PERIOD_NOT_RESOLVED,,75519165,3,"Company current-quarter PBT 75,519,165; machine period unresolved."
UNION ASSURANCE PLC,UAL.N0000,INSURANCE,2026-03-31,NAVPS,EXTRACTED,19,34.09,16,Current NAVPS 34.09; machine 19.00 is not current source value.
UNION ASSURANCE PLC,UAL.N0000,INSURANCE,2026-03-31,OPERATING_PROFIT,EXTRACTED,382331,382331000,2,"Current Profit from operations 382,331 Rs'000; machine omitted Rs'000 scale."
UNION ASSURANCE PLC,UAL.N0000,INSURANCE,2026-03-31,PAT,EXTRACTED,266406,266406000,2,"Current Profit for period 266,406 Rs'000; machine omitted scale."
UNION ASSURANCE PLC,UAL.N0000,INSURANCE,2026-03-31,PBT,EXTRACTED,382331,382331000,2,"Current PBT 382,331 Rs'000; machine omitted scale."
UNION ASSURANCE PLC,UAL.N0000,INSURANCE,2026-03-31,TOP_LINE,EXTRACTED,6676569,6676569000,2,"SLFRS4 Gross written premium 6,676,569 Rs'000; machine omitted scale."
UNION ASSURANCE PLC,UAL.N0000,INSURANCE,2026-03-31,TOTAL_ASSETS,EXTRACTED,127239757,127239757000,4,"Current Total assets 127,239,757 Rs'000; machine omitted scale."
UNION ASSURANCE PLC,UAL.N0000,INSURANCE,2026-03-31,TOTAL_EQUITY,EXTRACTED,20088315,20088315000,4,"Current Total equity 20,088,315 Rs'000; machine omitted scale."
UNION ASSURANCE PLC,UAL.N0000,INSURANCE,2026-03-31,TOTAL_LIABILITIES,EXTRACTED,107151442,107151442000,4,"Current Total liabilities 107,151,442 Rs'000; machine omitted scale."
SENKADAGALA FINANCE COMPANY PLC,SFCL.N0000,FINANCE_COMPANY,2026-03-31,NAVPS,AMBIGUOUS_CANDIDATES,,138.77,6,Company current NAVPS 138.77; machine left ambiguous.
SENKADAGALA FINANCE COMPANY PLC,SFCL.N0000,FINANCE_COMPANY,2026-03-31,OPERATING_PROFIT,AMBIGUOUS_CANDIDATES,,1134151956,2,"Company current operating profit before taxation on financial services 1,134,151,956; machine left ambiguous."
SENKADAGALA FINANCE COMPANY PLC,SFCL.N0000,FINANCE_COMPANY,2026-03-31,TOP_LINE,EXTRACTED,1862621328,2819814783,2,"Finance-company current Gross income 2,819,814,783; machine selected Total operating income 1,862,621,328."
UB FINANCE PLC,UBF.N0000,FINANCE_COMPANY,2025-12-31,NAVPS,NOT_LOCATED_AFTER_CONFIGURED_RECOVERY,,0.99,4,"Current NAVPS 0.99, visually verified; machine missed."
UB FINANCE PLC,UBF.N0000,FINANCE_COMPANY,2025-12-31,TOTAL_ASSETS,NOT_LOCATED_AFTER_CONFIGURED_RECOVERY,,16211477623,4,"Current Total Assets 16,211,477,623, visually verified."
UB FINANCE PLC,UBF.N0000,FINANCE_COMPANY,2025-12-31,TOTAL_EQUITY,NOT_LOCATED_AFTER_CONFIGURED_RECOVERY,,3161853127,4,"Current Total Shareholders Equity 3,161,853,127, visually verified."
UB FINANCE PLC,UBF.N0000,FINANCE_COMPANY,2025-12-31,TOTAL_LIABILITIES,NOT_LOCATED_AFTER_CONFIGURED_RECOVERY,,13049624496,4,"Current Total Liabilities 13,049,624,496, visually verified."
ASIRI SURGICAL HOSPITAL PLC,AMSL.N0000,GENERAL,2026-06-30,NAVPS,EXTRACTED,15.16,15.47,4,Company current 30-Jun-2026 NAVPS 15.47; machine selected 31-Mar value 15.16.
ASIRI SURGICAL HOSPITAL PLC,AMSL.N0000,GENERAL,2026-06-30,TOTAL_ASSETS,EXTRACTED,17297026283,17977940780,4,"Company current 30-Jun Total Assets 17,977,940,780; machine selected March figure."
ASIRI SURGICAL HOSPITAL PLC,AMSL.N0000,GENERAL,2026-06-30,TOTAL_EQUITY,EXTRACTED,8013212115,8173951912,4,"Company current Total Equity 8,173,951,912; machine selected March figure."
SINGER FINANCE LANKA PLC,SFIN.N0000,FINANCE_COMPANY,2026-03-31,OPERATING_PROFIT,NOT_LOCATED_AFTER_CONFIGURED_RECOVERY,,1073789000,3,"Current operating profit before tax on financial services 1,073,789 Rs'000; machine missed."
VALLIBEL FINANCE PLC,VFIN.N0000,FINANCE_COMPANY,2026-06-30,EPS_SELECTED,EXTRACTED,16.41,NOT_REPORTED_3M,3,"Source reports annualised EPS 16.41, not exact 3M EPS; quarter EPS must be withheld."
VALLIBEL FINANCE PLC,VFIN.N0000,FINANCE_COMPANY,2026-06-30,NAVPS,AMBIGUOUS_CANDIDATES,,80.15,2,Company current NAVPS 80.15; machine left ambiguous.
BAIRAHA FARMS PLC,BFL.N0000,GENERAL,2026-03-31,NAVPS,NOT_LOCATED_AFTER_CONFIGURED_RECOVERY,,78.57,7,Company NAVPS as at 31.03.2026 is 78.57; machine did not locate it.
BALANGODA  PLANTATIONS  PLC,BALA.N0000,GENERAL,2026-06-30,OPERATING_PROFIT,PERIOD_NOT_RESOLVED,,227232000,4,"Current-quarter Profit from operating activities 227,232 Rs'000; machine withheld due period resolution."
BALANGODA  PLANTATIONS  PLC,BALA.N0000,GENERAL,2026-06-30,PAT,PERIOD_NOT_RESOLVED,,171288000,4,"Current-quarter Profit for the period 171,288 Rs'000; machine withheld."
BALANGODA  PLANTATIONS  PLC,BALA.N0000,GENERAL,2026-06-30,PBT,PERIOD_NOT_RESOLVED,,204748000,4,"Current-quarter Profit before taxation 204,748 Rs'000; machine withheld."
BALANGODA  PLANTATIONS  PLC,BALA.N0000,GENERAL,2026-06-30,TOP_LINE,PERIOD_NOT_RESOLVED,,1089427000,4,"Current-quarter Revenue 1,089,427 Rs'000; machine withheld."
BERUWALA RESORTS PLC,BERU.N0000,GENERAL,2026-03-31,PAT,EXTRACTED,-85817000,2228000,3,"Company Net Profit/(Loss) for the period, current quarter."
BOGALA GRAPHITE LANKA PLC,BOGA.N0000,GENERAL,2025-12-31,TOTAL_ASSETS,UNIT_NOT_RESOLVED,,1693291000,3,Total Assets; statement unit LKR 000.
BOGALA GRAPHITE LANKA PLC,BOGA.N0000,GENERAL,2025-12-31,TOTAL_EQUITY,UNIT_NOT_RESOLVED,,1362625000,3,Total Equity; statement unit LKR 000.
BOGALA GRAPHITE LANKA PLC,BOGA.N0000,GENERAL,2025-12-31,TOTAL_LIABILITIES,UNIT_NOT_RESOLVED,,330666000,3,Explicit Total Liabilities; statement unit LKR 000.
MERCHANT BANK OF SRI LANKA & FINANCE PLC,MBSL.N0000,FINANCE_COMPANY,2025-12-31,TOP_LINE,EXTRACTED,888011000,2157471000,2,"Company Income, finance-company top line, current quarter."
BOGAWANTALAWA TEA ESTATES PLC,BOPL.N0000,GENERAL,2026-03-31,PAT,EXTRACTED,176366,176366000,3,"Profit for the period, current three-month column."
BOGAWANTALAWA TEA ESTATES PLC,BOPL.N0000,GENERAL,2026-03-31,PBT,EXTRACTED,239160,239160000,3,"Profit before taxation, current three-month column."
BOGAWANTALAWA TEA ESTATES PLC,BOPL.N0000,GENERAL,2026-03-31,TOP_LINE,EXTRACTED,1561588,1561588000,3,"Revenue, current three-month column."
BROWN & COMPANY PLC,BRWN.N0000,GENERAL,2026-06-30,EPS_SELECTED,ONLY_GROUP_CANDIDATES_LOCATED,,-23.71,3,"Company Basic Earnings/(Loss) per share, current quarter."
BROWN & COMPANY PLC,BRWN.N0000,GENERAL,2026-06-30,OPERATING_PROFIT,PERIOD_NOT_RESOLVED,,596978000,3,"Company Results from operating activities, current quarter."
BROWN & COMPANY PLC,BRWN.N0000,GENERAL,2026-06-30,PAT,PERIOD_NOT_RESOLVED,,-5041916000,3,"Company Profit/(Loss) for the Period, current quarter."
BROWN & COMPANY PLC,BRWN.N0000,GENERAL,2026-06-30,PBT,PERIOD_NOT_RESOLVED,,-5041916000,3,"Company Profit/(Loss) before Taxation, current quarter."
BROWN & COMPANY PLC,BRWN.N0000,GENERAL,2026-06-30,TOP_LINE,PERIOD_NOT_RESOLVED,,7246531000,3,"Company Revenue, current quarter."
C M HOLDINGS PLC,COLO.N0000,GENERAL,2025-12-31,OPERATING_PROFIT,UNIT_NOT_RESOLVED,,26144000,4,"Company Operating profit/(loss), current quarter."
C M HOLDINGS PLC,COLO.N0000,GENERAL,2025-12-31,PAT,ONLY_CUMULATIVE_CANDIDATES_LOCATED,,23822000,4,"Company Net profit/(loss), current quarter."
C M HOLDINGS PLC,COLO.N0000,GENERAL,2025-12-31,PBT,UNIT_NOT_RESOLVED,,27732000,4,"Company Profit/(Loss) before Tax, current quarter."
C M HOLDINGS PLC,COLO.N0000,GENERAL,2025-12-31,TOP_LINE,UNIT_NOT_RESOLVED,,27744000,4,"Company Income, current quarter; Group revenue is not substituted."
C T LAND DEVELOPMENT PLC,CTLD.N0000,GENERAL,2026-03-31,PAT,EXTRACTED,-1001288000,362981000,3,"Net Profit/(Loss) for the Period, current three months."
C T LAND DEVELOPMENT PLC,CTLD.N0000,GENERAL,2026-03-31,TOTAL_EQUITY,EXTRACTED,9880909000,5071647000,4,Equity subtotal: stated capital plus retained earnings at 31.03.2026.
C I C HOLDINGS PLC,CIC.N0000,GENERAL,2026-06-30,OPERATING_PROFIT,PERIOD_NOT_RESOLVED,,1221180000,3,"Company Operating profit, current quarter, Rs Mn."
C I C HOLDINGS PLC,CIC.N0000,GENERAL,2026-06-30,PAT,PERIOD_NOT_RESOLVED,,526860000,3,"Company Profit for the year, current quarter column, Rs Mn."
C I C HOLDINGS PLC,CIC.N0000,GENERAL,2026-06-30,PBT,PERIOD_NOT_RESOLVED,,739690000,3,"Company Profit before income taxes, current quarter, Rs Mn."
C I C HOLDINGS PLC,CIC.N0000,GENERAL,2026-06-30,TOP_LINE,PERIOD_NOT_RESOLVED,,5179830000,3,"Company Revenue, current quarter, Rs Mn."
CABLE SOLUTIONS PLC,CSLK.N0000,GENERAL,2025-12-31,EPS_SELECTED,PERIOD_NOT_RESOLVED,,0.2336,6,Company Basic Earning Per Share on current quarter income statement.
CABLE SOLUTIONS PLC,CSLK.N0000,GENERAL,2025-12-31,PAT,PERIOD_NOT_RESOLVED,,109969845,6,"Company Profit for the Period, current quarter."
CABLE SOLUTIONS PLC,CSLK.N0000,GENERAL,2025-12-31,PBT,PERIOD_NOT_RESOLVED,,131858982,6,"Company Profit before tax, current quarter."
C T HOLDINGS PLC,CTHR.N0000,GENERAL,2026-06-30,NAVPS,AMBIGUOUS_CANDIDATES,,46.97,4,Company Net Asset Value per Share at 30.06.2026.
C T HOLDINGS PLC,CTHR.N0000,GENERAL,2026-06-30,TOP_LINE,EXTRACTED,2988000,NOT_REPORTED,3,Company Revenue is dash/nil; Group revenue is not substituted.
CAPITAL ALLIANCE PLC,CALT.N0000,GENERAL,2025-12-31,NAVPS,EXTRACTED,43.70,34.53,3,Company Net Asset Value per Share at 31.12.2025.
CAPITAL ALLIANCE PLC,CALT.N0000,GENERAL,2025-12-31,TOP_LINE,EXTRACTED,676339606,609788118,2,"Company Net Interest Income, governed finance/investment top-line basis, current quarter."
CARGILLS (CEYLON) PLC,CARG.N0000,GENERAL,2026-03-31,NAVPS,ENTITY_NOT_RESOLVED,,43.97,6,Company Net Assets per Share at 31.03.2026.
CARGILLS (CEYLON) PLC,CARG.N0000,GENERAL,2026-03-31,TOTAL_ASSETS,ENTITY_NOT_RESOLVED,,23868708000,6,Company Total Assets at 31.03.2026.
CARGILLS (CEYLON) PLC,CARG.N0000,GENERAL,2026-03-31,TOTAL_EQUITY,ENTITY_NOT_RESOLVED,,11329518000,6,Company Total Equity attributable to equity holders at 31.03.2026.
CARGILLS (CEYLON) PLC,CARG.N0000,GENERAL,2026-03-31,TOTAL_LIABILITIES,NOT_LOCATED_AFTER_CONFIGURED_RECOVERY,,12539190000,6,Company explicit Total Liabilities at 31.03.2026.
CARGO BOAT DEVELOPMENT COMPANY PLC,CABO.N0000,GENERAL,2026-06-30,EPS_SELECTED,PERIOD_NOT_RESOLVED,,8.69,1,"Company Basic EPS, current three months."
CARGO BOAT DEVELOPMENT COMPANY PLC,CABO.N0000,GENERAL,2026-06-30,OPERATING_PROFIT,VALUE_CONTEXT_UNRESOLVED,,160877000,1,"Company Profit From Operations, current three months."
CARGO BOAT DEVELOPMENT COMPANY PLC,CABO.N0000,GENERAL,2026-06-30,PAT,VALUE_CONTEXT_UNRESOLVED,,156627000,1,"Company Profit For the Period, current three months."
CARGO BOAT DEVELOPMENT COMPANY PLC,CABO.N0000,GENERAL,2026-06-30,TOP_LINE,VALUE_CONTEXT_UNRESOLVED,,38113000,1,"Company Revenue, current three months."
CARGO BOAT DEVELOPMENT COMPANY PLC,CABO.N0000,GENERAL,2026-06-30,TOTAL_ASSETS,NOT_LOCATED_AFTER_CONFIGURED_RECOVERY,,6074148000,1,Company Total Assets at 30.06.2026.
CARGO BOAT DEVELOPMENT COMPANY PLC,CABO.N0000,GENERAL,2026-06-30,TOTAL_EQUITY,NOT_LOCATED_AFTER_CONFIGURED_RECOVERY,,5939347000,1,Company Total Equity at 30.06.2026.
CARGO BOAT DEVELOPMENT COMPANY PLC,CABO.N0000,GENERAL,2026-06-30,TOTAL_LIABILITIES,NOT_LOCATED_AFTER_CONFIGURED_RECOVERY,,134801000,1,Company explicit Total Liabilities at 30.06.2026.
CARSON CUMBERBATCH PLC,CARS.N0000,GENERAL,2025-12-31,EPS_SELECTED,ONLY_CUMULATIVE_CANDIDATES_LOCATED,,0.19,5,"Company Basic EPS, current quarter."
CARSON CUMBERBATCH PLC,CARS.N0000,GENERAL,2025-12-31,OPERATING_PROFIT,ONLY_CUMULATIVE_CANDIDATES_LOCATED,,90594000,5,"Company Profit from operations, current quarter."
CARSON CUMBERBATCH PLC,CARS.N0000,GENERAL,2025-12-31,PAT,ONLY_CUMULATIVE_CANDIDATES_LOCATED,,37471000,5,"Company Profit for the period, current quarter."
CARSON CUMBERBATCH PLC,CARS.N0000,GENERAL,2025-12-31,PBT,ONLY_CUMULATIVE_CANDIDATES_LOCATED,,33285000,5,"Company Profit before tax, current quarter."
CARSON CUMBERBATCH PLC,CARS.N0000,GENERAL,2025-12-31,TOP_LINE,ONLY_CUMULATIVE_CANDIDATES_LOCATED,,201447000,5,"Company Revenue, current quarter."
CENTRAL INDUSTRIES PLC,CIND.N0000,GENERAL,2026-03-31,NAVPS,NOT_LOCATED_AFTER_CONFIGURED_RECOVERY,,202.20,2,Company Net Assets per Ordinary Share at 31.03.2026; visually verified.
CENTRAL INDUSTRIES PLC,CIND.N0000,GENERAL,2026-03-31,TOTAL_ASSETS,NOT_LOCATED_AFTER_CONFIGURED_RECOVERY,,5725461000,2,Company Total Assets at 31.03.2026; visually verified.
CENTRAL INDUSTRIES PLC,CIND.N0000,GENERAL,2026-03-31,TOTAL_EQUITY,NOT_LOCATED_AFTER_CONFIGURED_RECOVERY,,4892385000,2,Company Total Equity at 31.03.2026; visually verified.
CENTRAL INDUSTRIES PLC,CIND.N0000,GENERAL,2026-03-31,TOTAL_LIABILITIES,NOT_LOCATED_AFTER_CONFIGURED_RECOVERY,,833077000,2,Company explicit Total Liabilities at 31.03.2026; visually verified.
CEYLON GUARDIAN INVESTMENT TRUST PLC,GUAR.N0000,GENERAL,2026-03-31,NAVPS,ONLY_GROUP_CANDIDATES_LOCATED,,117.55,4,Company Net assets per ordinary/deferred share at 31.03.2026.
CEYLON HOSPITALS PLC,CHL.N0000,GENERAL,2026-06-30,EPS_SELECTED,VALIDATION_FAILED,,1.65,7,"Company basic/diluted EPS, three months ended 30 June."
CEYLON HOSPITALS PLC,CHL.N0000,GENERAL,2026-06-30,OPERATING_PROFIT,VALIDATION_FAILED,,226322000,7,"Company Results from operating activities, current three months."
CEYLON HOSPITALS PLC,CHL.N0000,GENERAL,2026-06-30,PAT,VALIDATION_FAILED,,276015000,7,"Company Profit after tax, current three months."
CEYLON HOSPITALS PLC,CHL.N0000,GENERAL,2026-06-30,PBT,VALIDATION_FAILED,,339760000,7,"Company Profit before tax, current three months."
CEYLON HOSPITALS PLC,CHL.N0000,GENERAL,2026-06-30,TOP_LINE,VALIDATION_FAILED,,2139158000,7,"Company Revenue, current three months."
CEYLON GRAIN ELEVATORS PLC,GRAN.N0000,GENERAL,2025-12-31,EPS_SELECTED,PERIOD_NOT_RESOLVED,,15.65,3,"Visually verified Company Basic earnings per share, three months ended 31 December 2025."
CEYLON GRAIN ELEVATORS PLC,GRAN.N0000,GENERAL,2025-12-31,OPERATING_PROFIT,PERIOD_NOT_RESOLVED,,1332147000,3,"Visually verified Company Operating profit, current three months."
CEYLON GRAIN ELEVATORS PLC,GRAN.N0000,GENERAL,2025-12-31,PAT,ENTITY_NOT_RESOLVED,,939256000,3,"Visually verified Company Profit for the period, current three months."
CEYLON GRAIN ELEVATORS PLC,GRAN.N0000,GENERAL,2025-12-31,PBT,PERIOD_NOT_RESOLVED,,1384776000,3,"Visually verified Company Profit before tax, current three months."
CEYLON GRAIN ELEVATORS PLC,GRAN.N0000,GENERAL,2025-12-31,TOP_LINE,PERIOD_NOT_RESOLVED,,7085268000,3,"Visually verified Company Revenue, current three months."
CEYLON HOTELS CORPORATION PLC,CHOT.N0000,GENERAL,2026-03-31,EPS_SELECTED,NOT_LOCATED_AFTER_CONFIGURED_RECOVERY,,0.06,4,"Company basic/diluted EPS, three months ended 31 March 2026."
CEYLON HOTELS CORPORATION PLC,CHOT.N0000,GENERAL,2026-03-31,OPERATING_PROFIT,PERIOD_NOT_RESOLVED,,-11092000,4,"Company Profit/(loss) from operations, current three months."
CEYLON HOTELS CORPORATION PLC,CHOT.N0000,GENERAL,2026-03-31,PAT,PERIOD_NOT_RESOLVED,,10345000,4,"Company Profit/(loss) for the period, current three months."
CEYLON HOTELS CORPORATION PLC,CHOT.N0000,GENERAL,2026-03-31,PBT,PERIOD_NOT_RESOLVED,,1300000,4,"Company Profit/(loss) before income tax, current three months."
CEYLON LAND & EQUITY PLC,KZOO.N0000,GENERAL,2026-06-30,TOP_LINE,EXTRACTED,150.00,NOT_REPORTED,2,Company Revenue is dash/nil; finance income is not substituted as top line.
CEYLON TOBACCO COMPANY PLC,CTC.N0000,GENERAL,2026-03-31,TOTAL_ASSETS,AMBIGUOUS_CANDIDATES,,51693000000,4,Company Total assets at 31.03.2026; source unit LKR millions.
CEYLON TOBACCO COMPANY PLC,CTC.N0000,GENERAL,2026-03-31,TOTAL_EQUITY,AMBIGUOUS_CANDIDATES,,12647000000,4,Company Total equity attributable to equity holders at 31.03.2026.
CEYLON TOBACCO COMPANY PLC,CTC.N0000,GENERAL,2026-03-31,TOTAL_LIABILITIES,AMBIGUOUS_CANDIDATES,,39046000000,4,Company explicit Total liabilities at 31.03.2026.
CHEVRON LUBRICANTS  LANKA  PLC,LLUB.N0000,GENERAL,2025-12-31,EPS_SELECTED,NOT_LOCATED_AFTER_CONFIGURED_RECOVERY,,2.72,3,"Visually verified Basic earnings per share, three months ended 31 December 2025."
CHEVRON LUBRICANTS  LANKA  PLC,LLUB.N0000,GENERAL,2025-12-31,OPERATING_PROFIT,NOT_LOCATED_AFTER_CONFIGURED_RECOVERY,,903745000,3,"Visually verified Operating profit, current three months."
CHEVRON LUBRICANTS  LANKA  PLC,LLUB.N0000,GENERAL,2025-12-31,PAT,NOT_LOCATED_AFTER_CONFIGURED_RECOVERY,,652642000,3,"Visually verified Profit for the period, current three months."
CHEVRON LUBRICANTS  LANKA  PLC,LLUB.N0000,GENERAL,2025-12-31,PBT,NOT_LOCATED_AFTER_CONFIGURED_RECOVERY,,951222000,3,"Visually verified Profit before income tax, current three months."
CHEVRON LUBRICANTS  LANKA  PLC,LLUB.N0000,GENERAL,2025-12-31,TOP_LINE,NOT_LOCATED_AFTER_CONFIGURED_RECOVERY,,4912811000,3,"Visually verified Revenue, current three months."
CITRUS LEISURE PLC,REEF.N0000,GENERAL,2026-03-31,NAVPS,AMBIGUOUS_CANDIDATES,,7.20,8,Company Net assets per share at 31.03.2026.
CITRUS LEISURE PLC,REEF.N0000,GENERAL,2026-03-31,OPERATING_PROFIT,AMBIGUOUS_CANDIDATES,,4869000,3,"Company Operating Profit/(Loss), current quarter."
CITRUS LEISURE PLC,REEF.N0000,GENERAL,2026-03-31,PAT,AMBIGUOUS_CANDIDATES,,11478000,3,"Company Profit/(Loss) for the period/year, current quarter."
CITRUS LEISURE PLC,REEF.N0000,GENERAL,2026-03-31,PBT,AMBIGUOUS_CANDIDATES,,11478000,3,"Company Loss before Tax row, current quarter (positive 11,478 as presented)."
COLOMBO CITY HOLDINGS PLC,PHAR.N0000,GENERAL,2026-06-30,TOP_LINE,EXTRACTED,9965000,NOT_REPORTED,3,Company Revenue is dash/nil; finance income is not substituted as top line.
COLOMBO DOCKYARD PLC,DOCK.N0000,GENERAL,2025-12-31,PAT,UNIT_NOT_RESOLVED,,-183847000,3,"Corrected Company Profit/(Loss) for the period, current quarter."
COLOMBO DOCKYARD PLC,DOCK.N0000,GENERAL,2025-12-31,PBT,UNIT_NOT_RESOLVED,,-143596000,3,"Corrected Company Profit/(Loss) before Tax, current quarter."
COLOMBO DOCKYARD PLC,DOCK.N0000,GENERAL,2025-12-31,TOP_LINE,UNIT_NOT_RESOLVED,,6921133000,3,"Corrected Company Revenue, current quarter."
