residual_class,symbol,issuer_name,issuer_type,period_end,metric_code,human_value,human_page,rerun_value,rerun_status,rerun_page,packet_machine_status
RECOVERED,COOP.N0000,Co-operative Insurance Company PLC,INSURANCE,2026-03-31,EPS_SELECTED,0.05,4,0.05,EXTRACTED,,EXTRACTED
RECOVERED,COOP.N0000,Co-operative Insurance Company PLC,INSURANCE,2026-03-31,PAT,77620819,4,77620819,EXTRACTED,7,EXTRACTED
RECOVERED,COOP.N0000,Co-operative Insurance Company PLC,INSURANCE,2026-03-31,PBT,110887055,4,110887055,EXTRACTED,7,EXTRACTED
RECOVERED,COOP.N0000,Co-operative Insurance Company PLC,INSURANCE,2026-03-31,TOP_LINE,1349898703,4,1349898703,EXTRACTED,7,EXTRACTED
RECOVERED,COMB.N0000,COMMERCIAL BANK OF CEYLON PLC,BANK,2026-03-31,EPS_SELECTED,10.36,5,10.36,EXTRACTED,,PERIOD_NOT_RESOLVED
RECOVERED,COMB.N0000,COMMERCIAL BANK OF CEYLON PLC,BANK,2026-03-31,OPERATING_PROFIT,31794608000,5,31794608000,EXTRACTED,5,PERIOD_NOT_RESOLVED
RECOVERED,COMB.N0000,COMMERCIAL BANK OF CEYLON PLC,BANK,2026-03-31,PAT,17172328000,5,17172328000,EXTRACTED,5,PERIOD_NOT_RESOLVED
RECOVERED,COMB.N0000,COMMERCIAL BANK OF CEYLON PLC,BANK,2026-03-31,PBT,26640037000,5,26640037000,EXTRACTED,5,PERIOD_NOT_RESOLVED
RECOVERED,COMB.N0000,COMMERCIAL BANK OF CEYLON PLC,BANK,2026-03-31,TOP_LINE,95786025000,5,95786025000,EXTRACTED,5,VALUE_CONTEXT_UNRESOLVED
RECOVERED,DFCC.N0000,DFCC BANK PLC,BANK,2026-06-30,EPS_SELECTED,4.91,7,4.91,EXTRACTED,,NOT_LOCATED_AFTER_CONFIGURED_RECOVERY
RECOVERED,DFCC.N0000,DFCC BANK PLC,BANK,2026-06-30,OPERATING_PROFIT,4178919000,7,4178919000,EXTRACTED,7,UNIT_NOT_RESOLVED
RECOVERED,DFCC.N0000,DFCC BANK PLC,BANK,2026-06-30,PAT,2188790000,7,2188790000,EXTRACTED,7,UNIT_NOT_RESOLVED
RECOVERED,DFCC.N0000,DFCC BANK PLC,BANK,2026-06-30,PBT,3040871000,7,3040871000,EXTRACTED,7,UNIT_NOT_RESOLVED
RECOVERED,DFCC.N0000,DFCC BANK PLC,BANK,2026-06-30,TOP_LINE,26631373000,7,26631373000,EXTRACTED,7,UNIT_NOT_RESOLVED
RECOVERED,CHL.N0000,CEYLON HOSPITALS PLC,GENERAL,2026-06-30,EPS_SELECTED,1.65,7,1.65,EXTRACTED,,VALIDATION_FAILED
RECOVERED,CHL.N0000,CEYLON HOSPITALS PLC,GENERAL,2026-06-30,OPERATING_PROFIT,226322000,7,226322000,EXTRACTED,7,VALIDATION_FAILED
RECOVERED,CHL.N0000,CEYLON HOSPITALS PLC,GENERAL,2026-06-30,PAT,276015000,7,276015000,EXTRACTED,7,VALIDATION_FAILED
RECOVERED,CHL.N0000,CEYLON HOSPITALS PLC,GENERAL,2026-06-30,PBT,339760000,7,339760000,EXTRACTED,7,VALIDATION_FAILED
RECOVERED,CHL.N0000,CEYLON HOSPITALS PLC,GENERAL,2026-06-30,TOP_LINE,2139158000,7,2139158000,EXTRACTED,7,VALIDATION_FAILED
RECOVERED,ALLI.N0000,ALLIANCE FINANCE COMPANY PLC,FINANCE_COMPANY,2026-06-30,NAVPS,336,4,336,EXTRACTED,4,AMBIGUOUS_CANDIDATES
RECOVERED,ALLI.N0000,ALLIANCE FINANCE COMPANY PLC,FINANCE_COMPANY,2026-06-30,TOTAL_ASSETS,96661604608,4,96661604608,EXTRACTED,4,AMBIGUOUS_CANDIDATES
RECOVERED,ALLI.N0000,ALLIANCE FINANCE COMPANY PLC,FINANCE_COMPANY,2026-06-30,TOTAL_EQUITY,11336429432,4,11336429432,EXTRACTED,4,AMBIGUOUS_CANDIDATES
RECOVERED,ALLI.N0000,ALLIANCE FINANCE COMPANY PLC,FINANCE_COMPANY,2026-06-30,TOTAL_LIABILITIES,85325175176,4,85325175176,EXTRACTED,4,AMBIGUOUS_CANDIDATES
RECOVERED,ACME.N0000,ACME PRINTING & PACKAGING PLC,GENERAL,2026-06-30,NAVPS,1.24,4,1.24,EXTRACTED,4,AMBIGUOUS_CANDIDATES
RECOVERED,ACME.N0000,ACME PRINTING & PACKAGING PLC,GENERAL,2026-06-30,TOTAL_EQUITY,826047000,4,826047000,EXTRACTED,4,AMBIGUOUS_CANDIDATES
RECOVERED,AAIC.N0000,SOFTLOGIC LIFE INSURANCE PLC,INSURANCE,2025-12-31,TOP_LINE,10093065000,4,10093065000,EXTRACTED,4,EXTRACTED
RECOVERED,AAIC.N0000,SOFTLOGIC LIFE INSURANCE PLC,INSURANCE,2025-12-31,TOTAL_ASSETS,58786953000,6,58786953000,EXTRACTED,6,EXTRACTED
RECOVERED,AAIC.N0000,SOFTLOGIC LIFE INSURANCE PLC,INSURANCE,2025-12-31,TOTAL_EQUITY,13262663000,6,13262663000,EXTRACTED,6,EXTRACTED
RECOVERED,COLO.N0000,C M HOLDINGS PLC,GENERAL,2025-12-31,OPERATING_PROFIT,26144000,4,26144000,EXTRACTED,4,UNIT_NOT_RESOLVED
RECOVERED,COLO.N0000,C M HOLDINGS PLC,GENERAL,2025-12-31,PBT,27732000,4,27732000,EXTRACTED,4,UNIT_NOT_RESOLVED
RECOVERED,CARG.N0000,CARGILLS (CEYLON) PLC,GENERAL,2026-03-31,NAVPS,43.97,6,43.97,EXTRACTED,6,ENTITY_NOT_RESOLVED
RECOVERED,CARG.N0000,CARGILLS (CEYLON) PLC,GENERAL,2026-03-31,TOTAL_LIABILITIES,12539190000,6,12539190000,EXTRACTED,6,NOT_LOCATED_AFTER_CONFIGURED_RECOVERY
RECOVERED,CHOT.N0000,CEYLON HOTELS CORPORATION PLC,GENERAL,2026-03-31,EPS_SELECTED,0.06,4,0.06,EXTRACTED,,NOT_LOCATED_AFTER_CONFIGURED_RECOVERY
RECOVERED,CHOT.N0000,CEYLON HOTELS CORPORATION PLC,GENERAL,2026-03-31,OPERATING_PROFIT,-11092000,4,-11092000,EXTRACTED,4,PERIOD_NOT_RESOLVED
RECOVERED,CHOT.N0000,CEYLON HOTELS CORPORATION PLC,GENERAL,2026-03-31,PAT,10345000,4,10345000,EXTRACTED,4,PERIOD_NOT_RESOLVED
RECOVERED,CHOT.N0000,CEYLON HOTELS CORPORATION PLC,GENERAL,2026-03-31,PBT,1300000,4,1300000,EXTRACTED,4,PERIOD_NOT_RESOLVED
RECOVERED,REEF.N0000,CITRUS LEISURE PLC,GENERAL,2026-03-31,NAVPS,7.20,8,7.20,EXTRACTED,8,AMBIGUOUS_CANDIDATES
RECOVERED,REEF.N0000,CITRUS LEISURE PLC,GENERAL,2026-03-31,OPERATING_PROFIT,4869000,3,4869000,EXTRACTED,3,AMBIGUOUS_CANDIDATES
RECOVERED,REEF.N0000,CITRUS LEISURE PLC,GENERAL,2026-03-31,PBT,11478000,3,11478000,EXTRACTED,3,AMBIGUOUS_CANDIDATES
RECOVERED,APLA.N0000,ACL PLASTICS PLC,GENERAL,2025-12-31,NAVPS,96.00,4,96.00,EXTRACTED,4,AMBIGUOUS_CANDIDATES
RECOVERED,SFCL.N0000,SENKADAGALA FINANCE COMPANY PLC,FINANCE_COMPANY,2026-03-31,NAVPS,138.77,6,138.77,EXTRACTED,6,AMBIGUOUS_CANDIDATES
RECOVERED,AMSL.N0000,ASIRI SURGICAL HOSPITAL PLC,GENERAL,2026-06-30,NAVPS,15.47,4,15.47,EXTRACTED,4,EXTRACTED
RECOVERED,AMSL.N0000,ASIRI SURGICAL HOSPITAL PLC,GENERAL,2026-06-30,TOTAL_ASSETS,17977940780,4,17977940780,EXTRACTED,4,EXTRACTED
RECOVERED,AMSL.N0000,ASIRI SURGICAL HOSPITAL PLC,GENERAL,2026-06-30,TOTAL_EQUITY,8173951912,4,8173951912,EXTRACTED,4,EXTRACTED
RECOVERED,NDB.N0000,NATIONAL DEVELOPMENT BANK PLC,BANK,2025-12-31,EPS_SELECTED,8.29,6,8.29,EXTRACTED,,AMBIGUOUS_CANDIDATES
RECOVERED,NDB.N0000,NATIONAL DEVELOPMENT BANK PLC,BANK,2025-12-31,PBT,5362405000,6,5362405000,EXTRACTED,6,AMBIGUOUS_CANDIDATES
RECOVERED,ATL.N0000,AMANA TAKAFUL PLC,INSURANCE,2026-06-30,EPS_SELECTED,0.46,4,0.46,EXTRACTED,,UNIT_NOT_RESOLVED
RECOVERED,ATL.N0000,AMANA TAKAFUL PLC,INSURANCE,2026-06-30,TOP_LINE,1924597263,4,1924597263,EXTRACTED,4,EXTRACTED
RECOVERED,NTB.N0000,NATIONS TRUST BANK PLC,BANK,2026-03-31,EPS_SELECTED,13.42,4,13.42,EXTRACTED,,PERIOD_NOT_RESOLVED
RECOVERED,AGAL.N0000,AGALAWATTE  PLANTATIONS  PLC,GENERAL,2026-06-30,NAVPS,35.76,3,35.76,EXTRACTED,3,NOT_LOCATED_AFTER_CONFIGURED_RECOVERY
RECOVERED,VFIN.N0000,VALLIBEL FINANCE PLC,FINANCE_COMPANY,2026-06-30,NAVPS,80.15,2,80.15,EXTRACTED,2,AMBIGUOUS_CANDIDATES
RECOVERED,CTHR.N0000,C T HOLDINGS PLC,GENERAL,2026-06-30,NAVPS,46.97,4,46.97,EXTRACTED,4,AMBIGUOUS_CANDIDATES
RECOVERED,ACL.N0000,ACL CABLES PLC,GENERAL,2026-03-31,EPS_SELECTED,1.39,3,1.39,EXTRACTED,,AMBIGUOUS_CANDIDATES
RECOVERED,PLC.N0000,PEOPLE'S LEASING & FINANCE PLC,FINANCE_COMPANY,2026-06-30,PAT,1219000000,4,1219000000,EXTRACTED,4,PERIOD_NOT_RESOLVED
RECOVERED,BERU.N0000,BERUWALA RESORTS PLC,GENERAL,2026-03-31,PAT,2228000,3,2228000,EXTRACTED,3,EXTRACTED
RECOVERED,GUAR.N0000,CEYLON GUARDIAN INVESTMENT TRUST PLC,GENERAL,2026-03-31,NAVPS,117.55,4,117.55,EXTRACTED,4,ONLY_GROUP_CANDIDATES_LOCATED
